Boson,000001,p=1,v=2,"2OOO 2  _ ","","1--~2",0,2,0,2,0,2,0,2,0,2,0,2,
Boson,000002,p=1,v=2," oBB  oAA  _        ","","1^=2",0,10,0,50,0,250,0,1250,0,6250,0,31250,
Boson,000003,p=1,v=2,"2OOO 2    ","","1---2",0,18,0,162,0,1458,0,13122,0,118098,0,1062882,
Boson,000004,p=1,v=4,"4OOO 4  _ ","","1-~2-4-~3-1",0,4,0,4,0,4,0,4,0,4,0,4,
Boson,000005,p=1,v=4,"3ooB  AAA 3 _       ","","1^-2-3^ 2-4^",0,6,0,18,0,54,0,162,0,486,0,1458,
Boson,000006,p=1,v=4," oBD  ACC  BBD  oAC  _      _   _       ","","1^-2-4-~3-1",0,8,0,28,0,104,0,388,0,1448,0,5404,
Boson,000007,p=1,v=4," oBB 2OAC  oBB  _        2  _ ","","1^-2~3-4-2 1-4",0,12,0,36,0,108,0,324,0,972,0,2916,
Boson,000008,p=1,v=4,"2OBB 2OAA        __ 2  _ ","","1~2-3~1-4-2 3-4",0,12,0,52,0,252,0,1252,0,6252,0,31252,
Boson,000009,p=1,v=4," oBC  oAD  ooA  ooB 2_     _       ","","1^-2^-3^-4",0,12,0,60,0,324,0,1764,0,9612,0,52380,
Boson,000010,p=1,v=4,"2OOB 2OOA 2 _  2    ","","1-~2-4=3-1",0,12,0,68,0,396,0,2308,0,13452,0,78404,
Boson,000011,p=1,v=4,"2ooC  ABD  ooC  __    _  2    ","","1^^-2-3^ 2-4",0,14,0,82,0,518,0,3298,0,21014,0,133906,
Boson,000012,p=1,v=4," oBD  ACC  BBD  oAC  _        2  _ ","","1^-2~4=3-1",0,16,0,76,0,400,0,2212,0,12496,0,71212,
Boson,000013,p=1,v=4," oBD  ACC  BBD  oAC  _   3    ","","1^-2-4=3-1",0,16,0,108,0,784,0,5732,0,41936,0,306828,
Boson,000014,p=1,v=4," oBB  AAC  BDD  oCC  _   3    ","","1^=2-3=4",0,20,0,132,0,980,0,7556,0,58900,0,460548,
Boson,000015,p=1,v=4,"4OOO 2    2  _ ","","1=2-4=3~1",0,20,0,100,0,500,0,2500,0,12500,0,62500,
Boson,000016,p=1,v=4,"4OOO 4    ","","1=2-4=3-1",0,20,0,164,0,1460,0,13124,0,118100,0,1062884,
Boson,000017,p=1,v=6,"6OOO 6  _ ","","1-~2-4-~6-5-~3-1",0,6,0,6,0,6,0,6,0,6,0,6,
Boson,000018,p=1,v=6,"2OBB  ooC 2AAC  BBB 2  _ 3 _       ","","1^-2-3-~5-6-~4-2",0,8,0,20,0,56,0,164,0,488,0,1460,
Boson,000019,p=1,v=6," oBE  ACC  OBB  ODD  CCE  oAD  _   3  _   _       ","","1^-2-4-~6-5-~3-1",0,10,0,30,0,106,0,390,0,1450,0,5406,
Boson,000020,p=1,v=6,"4OOB 2OAA 4 _  2    ","","1-~2-3-1 3-4-5-~6-4",0,10,0,34,0,130,0,514,0,2050,0,8194,
Boson,000021,p=1,v=6," oBE  ACC  BBE  ooF  ACF  oDE  _      _ 2 _  2    ","","1^-2-3-4^-6-~5-3",0,12,0,48,0,222,0,1056,0,5052,0,24198,
Boson,000022,p=1,v=6," oCE  oEF  ADD  CCF  oAB  oBD 2_      _   _  2    ","","1-2^-4-6-~5-3^-1",0,14,0,50,0,194,0,786,0,3274,0,13874,
Boson,000023,p=1,v=6," BBC  AAE  ADD 2OCE  BDD 2 _        _    _ _    _ ","","1-~2-4-5~3-6-4 1-3 5~6",0,14,0,54,0,230,0,1030,0,4734,0,22038,
Boson,000024,p=1,v=6," oBC  oAE  ADD  ooO  OCC  ooB 2_      _   _     _      ","","1-2^-3^-4-~5-6^",0,14,0,62,0,326,0,1766,0,9614,0,52382,
Boson,000025,p=1,v=6," oBC  oAE  ADD  CCF  oBF  oDE 2_      _   _  2    ","","1^-2-4-6-~5-3^-1",0,14,0,66,0,362,0,2034,0,11474,0,64770,
Boson,000026,p=1,v=6,"2OBB 2AAC 2OOB 2  _ 2 _  2    ","","1-~2-4=6-5-~3-1",0,14,0,70,0,398,0,2310,0,13454,0,78406,
Boson,000027,p=1,v=6," oBD  ooA 2ODE  ACC  oCC  _     _          _         _ ","","1^-2^-3-4~5-6-4 3-6",0,16,0,60,0,244,0,1028,0,4436,0,19476,
Boson,000028,p=1,v=6," oBD  oAE  ooF  AEF  oBD  oCD 2_   2 _     _      ","","1^-2-3-4^-6^-5~3",0,16,0,68,0,328,0,1668,0,8696,0,45860,
Boson,000029,p=1,v=6," oDD  ooC  BDD 2ACE  oDD  _     _     _        _       ","","1^-2~3-4^-6-2 3-5-6",0,16,0,68,0,304,0,1412,0,6736,0,32708,
Boson,000030,p=1,v=6," oCE  oEF  ADD  CCE  ABD  ooB 2_      _   _  2    ","","1-2^-3-4^-6-~5-3",0,16,0,72,0,370,0,2000,0,11036,0,61398,
Boson,000031,p=1,v=6," oBC  ooA  ADD 2OCE  oDD  _     _        _    _ _    _ ","","1^-2^-3-4~5-6~4 3-6",0,16,0,76,0,412,0,2340,0,13516,0,78532,
Boson,000032,p=1,v=6," ooD  ooO  OCC  BBD  ACE  ooD  __    _     _   _  2    ","","1^^-2-3 2-4-~5-6^",0,16,0,84,0,520,0,3300,0,21016,0,133908,
Boson,000033,p=1,v=6,"2OOC  ooD  AAE  BEE  CDD 3 _  3    ","","1^-2=3-4-5-~6-4",0,16,0,84,0,496,0,3044,0,18896,0,117684,
Boson,000034,p=1,v=6," oDD  ooC  BDD 2ACE  oDD  _     _  4    ","","1^-2-3-4^-6-2 3-5-6",0,16,0,100,0,688,0,4804,0,33616,0,235300,
Boson,000035,p=1,v=6,"6OOO 2    4  _ ","","1-2~5-3~1-4-5 3-6-2 4-6",0,18,0,66,0,258,0,1026,0,4098,0,16386,
Boson,000036,p=1,v=6,"3OOB 3OOA        _    __   _    __  __  ","","1~2~3-1~4~5-2 3-6-4 5-6",0,18,0,66,0,282,0,1314,0,6378,0,31506,
Boson,000037,p=1,v=6," oBB 2ACC 2BBD  oCC  _   5    ","","1^-2-4-3-1 2-6-3 4-5-6",0,18,0,130,0,1026,0,8194,0,65538,0,524290,
Boson,000038,p=1,v=6," oBF  ACD  BDE  BCE  CDF  oAE  _          _  2 __    _ ","","1^-2~4~5-3-6-4 1-3 5~6",0,18,0,78,0,402,0,2214,0,12498,0,71214,
Boson,000039,p=1,v=6," oCD  oCE  ABF  AEF  oBD  oCD 2_           _         _ ","","1^-2-6-4^-3-5~6 1-3",0,18,0,78,0,354,0,1638,0,7698,0,36654,
Boson,000040,p=1,v=6,"2OOB 2OAC 2OOB 2 _          _         _ ","","1-~2-4-3-1 3~5=6-4",0,18,0,82,0,402,0,2050,0,10738,0,57250,
Boson,000041,p=1,v=6," oBC 2ADE 2BCF  oDE  _        2 _  2  _ ","","1^-2-4-3-1 2~6-3 4~5-6",0,18,0,82,0,426,0,2338,0,13178,0,75250,
Boson,000042,p=1,v=6," ooC  oEF  ADD  CCE  oBD  ooB 2__     _ 2 _       ","","1-2^~3-4-~5-6^^",0,18,0,86,0,450,0,2470,0,13938,0,79862,
Boson,000043,p=1,v=6,"2OBB 4OOA      2  _ 2 _   __  ","","1-2~5-3~1~4-5 3-6-2 4-6",0,18,0,98,0,594,0,3778,0,24498,0,160034,
Boson,000044,p=1,v=6,"2OBC  AAD 2OAD  BCC        _    __  _   2_ _ ","","1-2~3~1~4~5-2 3-6-4 5-6",0,18,0,98,0,618,0,4066,0,27098,0,181298,
Boson,000045,p=1,v=6,"6OOO 6    ","","1-2-5-3-1-4-5 3-6-2 4-6",0,18,0,162,0,1458,0,13122,0,118098,0,1062882,
Boson,000046,p=1,v=6,"2oBB 2AAC 2oOB 2_   4    ","","1-2-6-4^-3-5^-6 1-3",0,18,0,102,0,690,0,4806,0,33618,0,235302,
Boson,000047,p=1,v=6,"2OOB 2OAC 2OOB 2 _  4    ","","1-~2-4-3-1 3-5=6-4",0,18,0,114,0,834,0,6210,0,46338,0,345858,
Boson,000048,p=1,v=6," ooB  oAD  ooD  BCE  oDF  ooE  __   _     _  3    ","","1^^-2^-3-4^ 3-5-6",0,20,0,128,0,926,0,6976,0,53220,0,407558,
Boson,000049,p=1,v=6,"2oCD  oCE  AAB  oAA  ooB  _   2_ _      2  _ ","","1~2^-3-4^~6-5^-3",0,20,0,84,0,404,0,2084,0,11140,0,60660,
Boson,000050,p=1,v=6," oBD  oAE  oDF  ACE  oBD  ooC 3_   2  _      ","","1-2^-3-4^-6^-5~3",0,20,0,92,0,464,0,2436,0,13120,0,71924,
Boson,000051,p=1,v=6," oBC  ooA  ADF  CEE  DDF  oCE  _     _  2    2  _ ","","1^-2^-3-4~6=5-3",0,20,0,96,0,494,0,2624,0,14260,0,78822,
Boson,000052,p=1,v=6," oCC  oDE 2OAD  BCC  ooB 3_    _ _    _      ","","1-2^-3~4-5^-6~4 3-6",0,20,0,100,0,524,0,2820,0,15500,0,86596,
Boson,000053,p=1,v=6,"2oBB 2AAC  BBD  ooC 2_           _   _       ","","1-2~3-4^-6-2 3-5^-6",0,20,0,100,0,596,0,3780,0,24500,0,160036,
Boson,000054,p=1,v=6," oBC  oAE  ADD  CCF  oBF  oDE 2_   4    ","","1^-2-4-6=5-3^-1",0,22,0,130,0,874,0,6194,0,44962,0,329890,
Boson,000055,p=1,v=6," oBC  oAE  ADD  CCF  oBF  oDE 2_   2    2  _ ","","1^-2~4-6=5-3^-1",0,22,0,130,0,826,0,5490,0,37522,0,260674,
Boson,000056,p=1,v=6,"2OOB 2ACC 2OBB 2 _  4    ","","1-~2-4=6-5=3-1",0,22,0,134,0,886,0,6150,0,43862,0,317318,
Boson,000057,p=1,v=6," oBF  ACD  BEF  BEE  CDD  oAC  _   5    ","","1^-2-4-3-1 3-5=6-4",0,22,0,146,0,1090,0,8530,0,67962,0,545042,
Boson,000058,p=1,v=6," oBF  ACD  BEF  BEE  CDD  oAC  _           _ 2 __    _ ","","1^-2~4-3-1 3-5~~6-4",0,22,0,98,0,490,0,2610,0,14402,0,81122,
Boson,000059,p=1,v=6," oCE  oEF  ADD  CCF  oAB  oBD 2_   4    ","","1-2^-4-6=5-3^-1",0,22,0,114,0,706,0,4690,0,31962,0,219858,
Boson,000060,p=1,v=6," oCE  oEF  ADD  CCF  oAB  oBD 2_           _         _ ","","1-2^-4~6=5-3^-1",0,22,0,114,0,658,0,3986,0,24842,0,157554,
Boson,000061,p=1,v=6," oBF  ACD  BEF  BEE  CDD  oAC  _          _        _        ","","1^-2-4-3-1 3-5=6~4",0,22,0,114,0,610,0,3282,0,17722,0,96018,
Boson,000062,p=1,v=6," BCE  ACD  ABD  BCF  AFF  DEE        _  2 __       _   ","","1=2-4-5~3-6-4 1~3 5~6",0,22,0,118,0,718,0,4614,0,30502,0,204694,
Boson,000063,p=1,v=6," oBB 2ACD 2OOB  oBB  _           _ 2       _ ","","1^-2~3-4-1 2-5=6-4",0,22,0,118,0,670,0,3910,0,23302,0,141142,
Boson,000064,p=1,v=6," oBB 2ACD 2OOB  oBB  _           _ 2__     _ ","","1^-2~3-4-1 2-5~~6-4",0,22,0,118,0,766,0,5318,0,37702,0,269014,
Boson,000065,p=1,v=6,"2oBC  AAD 2OOA  ooB 2_   4    ","","1-2-3^-5=6-4^-2",0,24,0,144,0,894,0,5664,0,36504,0,238614,
Boson,000066,p=1,v=6," ooC  ooD  AEF  BEE  CDD  ooC  __    _  4    ","","1^^-2-3 2-4=5-6^",0,24,0,148,0,960,0,6436,0,44224,0,309268,
Boson,000067,p=1,v=6," oDD  ooC  BDE  AAC  CFF  oEE  _     _  4    ","","1^-2-3=4^ 2-5=6",0,24,0,148,0,1032,0,7588,0,57304,0,438580,
Boson,000068,p=1,v=6," oCD  oCF  ABE  AEE  CDD  ooB 2_        2 __      ","","1-2^-3-4^-6~~5-3",0,24,0,120,0,642,0,3504,0,19284,0,106710,
Boson,000069,p=1,v=6,"2OBB 4OOA         _         _ 2__  ","","1~~2-4-3-1 3~5=6-4",0,26,0,130,0,722,0,4290,0,26546,0,168226,
Boson,000070,p=1,v=6,"2OBB 4OOA 6    ","","1=2-4-3-1 3-5=6-4",0,26,0,194,0,1586,0,13634,0,120146,0,1071074,
Boson,000071,p=1,v=6," ooB  ACD  BEF  BEE  CDD  ooC  __          _ 2 __    _ ","","1^^-2-3~4 2-5~~6-3",0,26,0,146,0,890,0,5602,0,35946,0,234002,
Boson,000072,p=1,v=6," oBF  ACC  BBD  CEE  DDF  oAE  _   3    2  _ ","","1^-2~4=6-5=3-1",0,26,0,158,0,1034,0,6982,0,48186,0,338078,
Boson,000073,p=1,v=6," oBF  ACC  BBD  CEE  DDF  oAE  _   5    ","","1^-2-4=6-5=3-1",0,26,0,158,0,1130,0,8646,0,68026,0,541598,
Boson,000074,p=1,v=6," BCC  ADD 2OOA 2OOB         _ 3__   ___ ","","1~~2-3~1 3-4-5~~6-4",0,26,0,162,0,1154,0,8706,0,67586,0,532482,
Boson,000075,p=1,v=6,"2OBC 4OOA         _ 3__   ___ ","","1~~2-4-3~1 3-5~~6-4",0,26,0,162,0,1058,0,7042,0,47586,0,325698,
Boson,000076,p=1,v=6," ooB  ACD  BEF  BEE  CDD  ooC  __  5    ","","1^^-2-3-4 2-5=6-3",0,26,0,178,0,1322,0,10274,0,82106,0,666994,
Boson,000077,p=1,v=6,"6OOO 4    2  _ ","","1=2-4=6-5=3~1",0,30,0,198,0,1374,0,9606,0,67230,0,470598,
Boson,000078,p=1,v=6,"6OOO 6    ","","1=2-4=6-5=3-1",0,30,0,198,0,1566,0,13446,0,119070,0,1065798,
Boson,000079,p=1,v=6," oBB  AAC  BDD  CCE  DFF  oEE  _   5    ","","1^=2-3=4-5=6",0,30,0,198,0,1470,0,11526,0,93150,0,766662,
Boson,000080,p=1,v=8,"8OOO 8  _ ","","1-~2-4-~6-8-~7-5-~3-1",0,8,0,8,0,8,0,8,0,8,0,8,
Boson,000081,p=1,v=8,"2OOO 2OBB  ooC 2AAC  BBB 4  _ 3 _       ","","1^-2-3-~5-7-~8-6-~4-2",0,10,0,22,0,58,0,166,0,490,0,1462,
Boson,000082,p=1,v=8," oBE  ACC 2OOO  OBB  ODD  CCE  oAD  _   5  _   _       ","","1^-2-4-~6-8-~7-5-~3-1",0,12,0,32,0,108,0,392,0,1452,0,5408,
Boson,000083,p=1,v=8,"2OBB 2OOC 2AAC 2OBB 2  _ 4 _  2    ","","1-~2-3-1 3-4-5-~7-8-~6-4",0,12,0,36,0,132,0,516,0,2052,0,8196,
Boson,000084,p=1,v=8,"6OOB 2AAA 6 _  2    ","","1-~2-3-1 3-4-~5-6-7-~8-6",0,12,0,36,0,108,0,324,0,972,0,2916,
Boson,000085,p=1,v=8," oBF  ACC 2OOE  BBE  ooF  CCC  oAD  _      _ 4 _  2    ","","1^-2-3^-4-~5-6-7-~8-6",0,14,0,46,0,158,0,550,0,1934,0,6862,
Boson,000086,p=1,v=8,"4OOC  ooD 2AAD  BCC 5 _  3    ","","1^-2-3-5-~6-3 4-7-~8-4-2",0,14,0,50,0,206,0,898,0,4014,0,18146,
Boson,000087,p=1,v=8," oBF  ACC  OBB  ODD  CCF  ooG  ADG  oEF  _   3  _ 2 _  2    ","","1^-2-3-4^-6-~8-7-~5-3",0,14,0,50,0,224,0,1058,0,5054,0,24200,
Boson,000088,p=1,v=8," oCC  oEH  AAE  FGG  BCF  DEH  oDD  oBF 2_ _   _     _ 2       _   _  ","","1^~2-4-3-1 3-5-~6^ 4-7-~8",0,16,0,52,0,196,0,788,0,3276,0,13876,
Boson,000089,p=1,v=8,"2oCC  AAB  BDD  CCE  DFF 2oOE 2_ _   _   _ _   _       2 _  ","","1~2-3-1 3-4-~5~6^-7-~8^",0,16,0,52,0,184,0,676,0,2536,0,9652,
Boson,000090,p=1,v=8,"4OOB 4OOA 4 _  2    2 _  ","","1-~2-4~3-1 3-5-6-4 5-7-~8-6",0,16,0,56,0,208,0,776,0,2896,0,10808,
Boson,000091,p=1,v=8," OBB  OCC  AAD  AAF  BEE 2ODF  CEE 2  _ 2 _        _    _ _    _ ","","1-~2-4~6~7-4 1-3-~5-8-6 7-8",0,16,0,56,0,232,0,1032,0,4736,0,22040,
Boson,000092,p=1,v=8," oDF 2CCD 2BBE  ABB  CCF  oAE  _   4 _  3    ","","1^-2-4-7-~5-3-1 4-8-~6-3",0,16,0,60,0,256,0,1156,0,5376,0,25404,
Boson,000093,p=1,v=8," oBC  oAE  ADD  ooO 2OOO  OCC  ooB 2_      _   _  3  _      ","","1-2^-3^-4-~5-6-~7-8^",0,16,0,64,0,328,0,1768,0,9616,0,52384,
Boson,000094,p=1,v=8," oBF  ACC  BBE  DDE  CCG  CCF  AEG  oDF  _      _ 3 _  3    ","","1^-2-3-6-~8-5-7-~4-1 2-5",0,16,0,64,0,298,0,1472,0,7456,0,38182,
Boson,000095,p=1,v=8," oBF  ACC  BBF  EEG  DDH  ACG  DFH  oEG  _      _ 3 _  3    ","","1^-2-~4-3-1 3-5-6-8-~7-5",0,16,0,64,0,304,0,1528,0,7856,0,40768,
Boson,000096,p=1,v=8," oBC  oAF  ADD  OCC  OEE  DDG  oBG  oEF 2_   3  _   _  2    ","","1^-2-4-6-~8-7-~5-3^-1",0,16,0,68,0,364,0,2036,0,11476,0,64772,
Boson,000097,p=1,v=8,"4OOB 4OOA 8 _  ","","1-~2-4-3-1 3~5-6~4 5-7-~8-6",0,16,0,72,0,400,0,2312,0,13456,0,78408,
Boson,000098,p=1,v=8," oBE  ACC  ooO  OBB 2OEF  ADD  oDD  _      _   _     _         _         _ ","","1^-2-~3-4^-5-6~7-8-6 5-8",0,18,0,62,0,246,0,1030,0,4438,0,19478,
Boson,000099,p=1,v=8," oCC  oCH  AAB  ooE  DFG  EGH  oEF  oBF 2_ _ 2 _         _     _   _  ","","1^-2-3~4-2 4-5~6^-7-~8^",0,18,0,66,0,270,0,1154,0,5058,0,22554,
Boson,000100,p=1,v=8," oBE  oAF  ooO  ODD  CCG  AFG  oBE  oDE 2_     _     _ 2 _     _      ","","1^-2-~3-4-5-6^-8^-7~5",0,18,0,70,0,330,0,1670,0,8698,0,45862,
Boson,000101,p=1,v=8," oCH  oFG  ADD  CCF  ooG  BDH  oBE  oAF 2_      _ 2 _  3    ","","1^-2-3^-4-5-6^-8-~7-4",0,18,0,70,0,300,0,1334,0,6068,0,28060,
Boson,000102,p=1,v=8," BBC  ooE  AAE  ADD 2CEE 2BDD 3 _       4  _ ","","1^-2-3~5-4~2 3-6-4 5-7-~8-6",0,18,0,70,0,306,0,1414,0,6738,0,32710,
Boson,000103,p=1,v=8," oCF  oGH  ADD  CCF  ooG  ADH  oBE  oBF 2_      _ 2 _  3    ","","1^-2-3^-4-5-6^-8-~7-5",0,18,0,70,0,306,0,1398,0,6558,0,31318,
Boson,000104,p=1,v=8," oCC  oDF  ooE  AAE  BFG  CCG  oBD  oDE 2_ _ 2 _          _   _     _ ","","1^-2~3-6-7^~8-6 2-4-~5^",0,18,0,74,0,354,0,1810,0,9538,0,50978,
Boson,000105,p=1,v=8," oCF  oFG  ADD  OCC  OEE  DDF  ABE  ooB 2_   3  _   _  2    ","","1-2^-3-4^-6-~8-7-~5-3",0,18,0,74,0,372,0,2002,0,11038,0,61400,
Boson,000106,p=1,v=8," oBC  oAG  ADD  CCF  ooH  DGH  oBF  oEF 2_      _ 2 _  3    ","","1^-2-3-4-5^-6^-8-~7-3",0,18,0,78,0,402,0,2198,0,12318,0,69774,
Boson,000107,p=1,v=8," oBD  ACC  ooO  OBB  AEE 2ODF  oEE  _      _   _  2  _        _       ","","1^-2-~3-4^-5~6-7-8-6 5-8",0,18,0,78,0,414,0,2342,0,13518,0,78534,
Boson,000108,p=1,v=8," oBC  oAF  ADD 2OOE  CCE  DDD  ooB 2_      _ 3 _  2    ","","1-2^-3^-4-~5-6-7-~8-6",0,18,0,78,0,378,0,1926,0,10098,0,53838,
Boson,000109,p=1,v=8,"2oBE  ACC  ADD  BBE  BBF  AAC  ooD 2_   2  _ 2 _  2    ","","1-2-~3-4^-5-6^-8-~7-5",0,18,0,82,0,432,0,2402,0,13698,0,79048,
Boson,000110,p=1,v=8,"2OOC  BBC  ooD  AAD  AAA 2OOB 5 _  3    ","","1^-2=3-4-~5-6-7-~8-6",0,18,0,86,0,450,0,2470,0,13938,0,79862,
Boson,000111,p=1,v=8," ooD  ooO 2OOO  OCC  BBD  ACE  ooD  __    _  3  _   _  2    ","","1^^-2-3 2-4-~5-6-~7-8^",0,18,0,86,0,522,0,3302,0,21018,0,133910,
Boson,000112,p=1,v=8," oEF 2OOD  ooE  BBF  ACG  ADG  oEF  _   3 _  4    ","","1^-2-3^-5-4-2 5-6-7-~8-6",0,18,0,86,0,474,0,2758,0,16418,0,98678,
Boson,000113,p=1,v=8," oBC  oAF  ADD  CCF  ooG  BDH  oEH  oFG 2_      _ 2 _  3    ","","1^-2-3-4-5^-6^-8-~7-4",0,18,0,86,0,492,0,2966,0,18188,0,112172,
Boson,000114,p=1,v=8,"2OBB 2AAD  ooE  BBF  CFF  DEE 2  _ 3 _  3    ","","1^-2=3-4-5-~7-8-~6-4",0,18,0,86,0,498,0,3046,0,18898,0,117686,
Boson,000115,p=1,v=8," oEE  ooO  OCC  BBD  CEE 2ADF  oEE  _     _     _   _  4    ","","1^-2-~3-4-5-6^-8-4 5-7-8",0,18,0,102,0,690,0,4806,0,33618,0,235302,
Boson,000116,p=1,v=8,"2OOB 2ACC 4OOB 2 _          _        _    __  __  ","","1-~2-4~7~5-3-1 4-8~5 3-6-7 6-8",0,20,0,68,0,236,0,836,0,3020,0,11108,
Boson,000117,p=1,v=8,"2OOB 2ACC 4OOB 2 _  6    ","","1-~2-4-7-5-3-1 4-8-5 3-6-7 6-8",0,20,0,132,0,1004,0,7876,0,62220,0,492324,
Boson,000118,p=1,v=8," oDF  oFG  oGH  AEE  DDH  oAB  oBC  oCE 3_      _   _  3    ","","1^-2-4^-6-8-~7-5^-3-1",0,20,0,72,0,284,0,1176,0,5020,0,21864,
Boson,000119,p=1,v=8," oDE  CCE  BBF  AFG  ABG  CDH  DEH  oFG  _   2 _          _        __    _ ","","1^-2-4~3-1 2-6-5~4 3-7-~8-6",0,20,0,76,0,320,0,1428,0,6600,0,31180,
Boson,000120,p=1,v=8," oBD  ACC  BBD  ACF 2OFG  DEE  oEE  _      _   _  2       _         _ ","","1~2-3-1 2-4-3 4-5-6^-8-~7-5",0,20,0,76,0,332,0,1556,0,7580,0,37732,
Boson,000121,p=1,v=8," oDF  CCD  BBG  ABE  DFG  AEH  CEH  oFG  _   2 _       2 _  2    ","","1^-2-3-6-5-4-1 4-7-~8-6 2~5",0,20,0,76,0,314,0,1356,0,6010,0,27094,
Boson,000122,p=1,v=8," oDH  CCE  BBF  AEF  BDG  CDG  EFH  oAG  _   4 _  3    ","","1^-2-4-5~3-6-4 1-3 5-7-~8-6",0,20,0,80,0,356,0,1672,0,8100,0,40016,
Boson,000123,p=1,v=8," oCC  oDH  AAD  BCE  DFG  EGH  oEF  oBF 2_ _   _       2  _   _    __ ","","1~2^-5-6-3-4~6 1~3 5-7-~8^",0,20,0,80,0,356,0,1640,0,7700,0,36656,
Boson,000124,p=1,v=8," oCC  oDH  AAF  BEG  DFG  CEH  oDE  oBF 2_ _   _       3  _   __ ","","1^~2~5-6-3-4~6 1-3 5-7-~8^",0,20,0,80,0,368,0,1784,0,8900,0,45224,
Boson,000125,p=1,v=8," oCE  oEG  ADD  CCH  ABF  EGH  oBF  oDF 2_      _   _         _     _      ","","1^-2~5-3-4^-7-~8-6-5 1-3",0,20,0,80,0,380,0,1960,0,10500,0,57200,
Boson,000126,p=1,v=8," BBD  AAE  DDE  ACE  CEF  BDF  CDF  DEE 2 _          _ 2 _    __    _ ","","1-~2-4~3-1 3-5~7-6-4 5-8-6 7~8",0,20,0,84,0,404,0,2052,0,10740,0,57252,
Boson,000127,p=1,v=8,"2OOC  CDD  AAD  BDE 2BCE  CDD 2 _          _   _  3 __ ","","1-~2-3-1 3~4~5~7-6-4 5-8-6 7~8",0,20,0,84,0,404,0,2084,0,11140,0,60660,
Boson,000128,p=1,v=8," BBC  AAD  OOA 2OOD  OOB 2OOC 2 _       2 _  3    ","","1-~2-4-7-5~6-3-1 4-8-6 3-5 7-8",0,20,0,84,0,428,0,2372,0,13580,0,78660,
Boson,000129,p=1,v=8," oBD  oAF  oFG  AEE  ooO  ODD  oBC  ooC 3_      _   _     _ 2    ","","1-2^-3-4^-5^-6-~7-8^",0,20,0,84,0,428,0,2340,0,13180,0,75252,
Boson,000130,p=1,v=8,"2oBC 2OOA 2ADD 2oCC 2_   2 _          _         _ ","","1~2-3-5-1 2-4^-7-~8-6^-5",0,20,0,84,0,380,0,1732,0,7900,0,36036,
Boson,000131,p=1,v=8," oDD 2OOC  OBB  ODD 2ACE  oDD  _   2 _          _        _       ","","1^-2-3-4-1 2~5-4 5-6-7-~8-6",0,20,0,84,0,380,0,1764,0,8300,0,39444,
Boson,000132,p=1,v=8," oBD  oAF  oFG  AEE  DDH  oBC  oCH  oEG 3_      _   _  3    ","","1-2^-4-6-8-~7-5^-3^-1",0,20,0,88,0,452,0,2456,0,13740,0,78136,
Boson,000133,p=1,v=8,"2oCD 2OOC 2OAB 2oOA 2_   2 _  4    ","","1-2-4^-6-5-3^-1 5-7-~8-6",0,20,0,88,0,452,0,2472,0,13940,0,79864,
Boson,000134,p=1,v=8,"2oBC 2OOA 2OAD 2oOC 2_   2 _          _         _ ","","1-2-5-3-4^-7-~8-6^-5 1~3",0,20,0,88,0,428,0,2152,0,11060,0,57784,
Boson,000135,p=1,v=8," oBF  oAG  oDH  CEE  DDF  oAE  oBH  oCG 3_      _   _  3    ","","1-2^-4^-6-8-~7-5^-3-1",0,20,0,88,0,428,0,2168,0,11260,0,59512,
Boson,000136,p=1,v=8," oBD  oAG  oFH  AEE  DDF  oCE  oBH  oCG 3_      _   _  3    ","","1-2-4^-6-8-~7-5^-3^-1",0,20,0,88,0,440,0,2312,0,12500,0,68800,
Boson,000137,p=1,v=8," oBD  oAH  EGG  AEF  CDF  DEH  oCC  oBF 2_      _ 2    3  _ ","","1^-2^-4-5~3-1 4-6-5 6-7-~8",0,20,0,92,0,512,0,3044,0,18560,0,114308,
Boson,000138,p=1,v=8," oBD  oAG  oEG  AFF  ooC  DDH  oBC  ooF 3_      _ 2 _  2    ","","1^-2^-3-4^-5^-6-~7-8",0,20,0,92,0,476,0,2580,0,14380,0,81572,
Boson,000139,p=1,v=8," oBE  oAF  DDE  CCG  ACH  BGH  oDF  oEF 2_   2 _  4    ","","1^-2^-6-4-3-5-7-~8-6 1-3",0,20,0,96,0,524,0,3016,0,17860,0,107424,
Boson,000140,p=1,v=8," oBE  oAG  DDE  CCF  ACF  DEH  oBH  oFG 2_   2 _  4    ","","1^-2-4-6-5-3^-1 5-7-~8-6",0,20,0,96,0,548,0,3336,0,20820,0,131232,
Boson,000141,p=1,v=8," oCC  oCE  AAB  ooF  BFG  DEG  EFH  ooG 2_ _   _    __  _    _ _   _       ","","1^~2~3-4 2-5-3 5~6^-7-~8^",0,20,0,96,0,554,0,3408,0,21460,0,136326,
Boson,000142,p=1,v=8," oBF  ACC  BBE  DDE  CCF 2OOC  oAD  _      _ 3 _  3    ","","1^-2-4-~6-8=7-5-~3-1",0,20,0,96,0,500,0,2696,0,14900,0,83808,
Boson,000143,p=1,v=8," oBE  oAF 2OOE  ooF  ACC  BDG  ooF 2_   3 _  3    ","","1^-2-3 2-4^-5^-6-7-~8-6",0,20,0,100,0,584,0,3620,0,23000,0,147676,
Boson,000144,p=1,v=8," BBC  AAE  ADD 2OCF  BFF 2ODE 2 _       2_      _  _    _ _ ","","1-~2-4-7-5~6-3-1 4-8-6 3~5 7~8",0,20,0,100,0,596,0,3780,0,24500,0,160036,
Boson,000145,p=1,v=8," oBE  ACC  OBB  ODD  CCG  AFF  EEG  oDF  _   3  _   _  3    ","","1^-2=4-5-7-~8-6-~3-1",0,20,0,100,0,620,0,4068,0,27100,0,181300,
Boson,000146,p=1,v=8," BBC  AAE  ADD 2CFF  BFF 2DDE 2 _       3  _   _    __ ","","1-~2-4-7-5~3-1 4-8~5 3-6~7 6-8",0,20,0,100,0,572,0,3460,0,21500,0,135364,
Boson,000147,p=1,v=8," oBC  oAD  oAF  BEE  DDG  oCH  oEH  oFG 3_      _   _  3    ","","1^-2-4-6-8-~7-5^-3^-1",0,20,0,104,0,644,0,4216,0,28140,0,189128,
Boson,000148,p=1,v=8," oBD  oAE  DGG  ACF  BFH  DEH  oCC  oEF 2_      _        _    __ 2  _ ","","1^-2^-5-6~3-4~6 1-3 5-7-~8",0,20,0,104,0,656,0,4376,0,29660,0,201968,
Boson,000149,p=1,v=8," oDE  CCD  BBF  ABE  ADG  CGH  EFH  oFG  _   2 _     _   _  3    ","","1^-2~3-1 2-4-5-7-4 3-6-~8-7",0,20,0,108,0,704,0,4820,0,33480,0,233580,
Boson,000150,p=1,v=8," oDF  CCD  BBG  ABE  DFG  AEH  CEH  oFG  _   2 _  5    ","","1^-2-3-6-5-4-1 4-7-~8-6 2-5",0,20,0,108,0,698,0,4748,0,32810,0,227862,
Boson,000151,p=1,v=8,"2OBB 2AAC 2OBD 2OOC 2  _ 2 _  4    ","","1=2-4-3-1 3-5-~7-8-~6-4",0,20,0,116,0,836,0,6212,0,46340,0,345860,
Boson,000152,p=1,v=8," oEE 2OOC  BBD  CEE 2ADF  oEE  _   2 _  5    ","","1^-2-3-4-1 2-5-4 5-6-7-~8-6",0,20,0,116,0,764,0,5284,0,37260,0,264692,
Boson,000153,p=1,v=8,"2OOC  ooD  AAE  BEF  CDG  DGG  EFF 3 _  5    ","","1^-2-3=5-4-2 4-6-7-~8-6",0,22,0,130,0,910,0,6722,0,50542,0,382306,
Boson,000154,p=1,v=8," oCE  ooD  ADF  BCG  AFH  CEG  DFH  oEG  _     _  6    ","","1^-2-3-4^-8-6-5-2 5-7-3 7-8",0,22,0,130,0,928,0,6978,0,53222,0,407560,
Boson,000155,p=1,v=8," oCE  ooE  ADE  CEF  ADG  BCF  DEG  oEF  _     _       2 _     _   _       ","","1^-2-3-4^-8-6-5~2 5-7-3 7~8",0,22,0,82,0,328,0,1378,0,6022,0,27112,
Boson,000156,p=1,v=8,"2oOC  ooD  AAD  DEE  BCC 2oOC 2_     _          _ 2       _ ","","1^-2-3-4^-5^-3 2-6~7-8-6",0,22,0,82,0,334,0,1410,0,6062,0,26338,
Boson,000157,p=1,v=8,"2oOC  ooD  AAD  BCE  DFF 2oOE  _    _ _ 2 _  4    ","","1^-2-3~4^-5^-3 2-6-7-8-6",0,22,0,146,0,1102,0,8706,0,69902,0,564386,
Boson,000158,p=1,v=8," oCE  oDG  ooA  BFH  AFH  DEG  oBF  oDE 2_     _       4  _ ","","1^-2^-3~4-8-5~6-7^-8 3-5",0,22,0,86,0,370,0,1654,0,7542,0,34814,
Boson,000159,p=1,v=8," oCE  oDG  ooA  BEF  ADH  DGH  oBF  oEF 2_     _          _   _     _   _  ","","1^-2^-3~4-8-5-6^-7~8 3-5",0,22,0,86,0,382,0,1814,0,8962,0,45350,
Boson,000160,p=1,v=8," oDE  oGH  ooD  ACF  AFG  DEH  oBE  oBF 2_     _       2 _  2    ","","1^-2-3^-8~4-5-6^-7-8 2-4",0,22,0,90,0,394,0,1778,0,8142,0,37578,
Boson,000161,p=1,v=8," oBE  oAG  oFH  ooF  AGH  oCD  oBE  oCE 3_   2 _          _      ","","1^-2-3^-4-5-6^-8^-7~5",0,22,0,90,0,412,0,2002,0,10082,0,51912,
Boson,000162,p=1,v=8," oBC  oAG  ooA 2OEF  DDG  oDD  oBE 2_     _       4  _ ","","1^-2^-3^-4~5-6~7-8-6 5-8",0,22,0,90,0,436,0,2290,0,12522,0,69864,
Boson,000163,p=1,v=8," oBD  oAE  ooH  AEF  BDG  DGH  oEF  oCF 2_   3 _  3    ","","1^-2-3-4-8~5-6^-7^-8 3-5",0,22,0,94,0,454,0,2326,0,12322,0,66622,
Boson,000164,p=1,v=8," oCE 2oEF  ADD  CCG  ABB  oBB  ooD 2_    _ _    _   _          _      ","","1-2-~3-4^-5-6^~8-7^-5",0,22,0,94,0,466,0,2502,0,14002,0,79990,
Boson,000165,p=1,v=8," oCD  oEG  ooA  AEF  BDH  DGH  oBF  oEF 2_   3 _  3    ","","1^-2^-3~4-5^-7-8-3 6-8 4-6",0,22,0,94,0,466,0,2470,0,13562,0,75958,
Boson,000166,p=1,v=8," oCD  oFH  ooA  AEG  DFG  BEH  oDE  oBF 2_     _          _         _      ","","1^-2^-3-4~5-3 5-6-7^-8-6",0,22,0,94,0,466,0,2486,0,13782,0,77974,
Boson,000167,p=1,v=8," oCD  oEG  ooA  AEF  BDH  DGH  oBF  oEF 2_     _  2       _         _ ","","1^-2^-3-4-5^-7-8-3 6~8 4-6",0,22,0,94,0,442,0,2150,0,10642,0,53302,
Boson,000168,p=1,v=8," oCD  ooD  ADE  ABG  CEF  CDF  DEG  oDF  _     _          _   _    __ 2 _  ","","1^-2-3^-5-7~6-4~2 5-8-6 7~8",0,22,0,98,0,520,0,2978,0,17662,0,106472,
Boson,000169,p=1,v=8," oFG  ooF  DEH  CEG  CDG  ABH  ADE  oCF  _     _         _    __ 3  _ ","","1^-2-3^-5~7-6-4~2 5-8-6 7~8",0,22,0,98,0,472,0,2338,0,11742,0,59528,
Boson,000170,p=1,v=8," oEF  oEG  ooD  CEE  ADG  BDF  oAE  oBE 2_     _  2    2  _      ","","1^-2-3~4-6^-8-2 5^-7-8 3-5",0,22,0,98,0,478,0,2434,0,12702,0,67394,
Boson,000171,p=1,v=8," oBD  ACC  ooO  OBB  AEG  DFF  EEG  oDF  _      _   _     _ 2    2  _ ","","1^-2-~3-4^-5-6~8=7-5",0,22,0,98,0,496,0,2626,0,14262,0,78824,
Boson,000172,p=1,v=8," oCF  oDF  ooA  BEE 2ODG  oAB  oEE 2_     _        _    _ _         _ ","","1^-2^-3-4^-5-6~7-8~6 5-8",0,22,0,98,0,496,0,2658,0,14702,0,82904,
Boson,000173,p=1,v=8," oDG  oDH  ooE  ABE  CDF  EGH  oAF  oBF 2_     _          _  _ _         _ ","","1^-2-3-4^-6~8~2 5^-7-8 3-5",0,22,0,98,0,502,0,2754,0,15662,0,90818,
Boson,000174,p=1,v=8," oCD  oEG  ooA  AFH  BFH  DEG  oBF  oDE 2_     _          _ 2       _ ","","1^-2^-3-4~8-5-6-7^-8 3-5",0,22,0,102,0,514,0,2646,0,13782,0,72462,
Boson,000175,p=1,v=8," oBE  oAF  oCE  BDD  CCG  ABF  oBE  ooD 3_      _   _  2  _      ","","1-2-~3-4^-5-6^-8^-7~5",0,22,0,102,0,526,0,2822,0,15502,0,86598,
Boson,000176,p=1,v=8," oBD  oAG  oFH  AEE  DDF  CEG  oBF  ooC 3_      _   _  3    ","","1-2^-3-4-5^-6^-8-~7-3",0,22,0,102,0,526,0,2806,0,15282,0,84534,
Boson,000177,p=1,v=8," oBE  oAF  oGG  ooF  AGG  oBD 2oCE 3_     _  4    ","","1^-2-3^-4^-5-6-8^-7-5",0,22,0,106,0,580,0,3346,0,19882,0,120280,
Boson,000178,p=1,v=8," oDD  oCD  oBE  AAB  CFG  EGH  oEF  ooF 3_ _   __  _     _     _      ","","1-2~3-4-2 4~5^-6^~7-~8^",0,22,0,106,0,610,0,3746,0,23682,0,151810,
Boson,000179,p=1,v=8," oBC  oAF  ooA  EEF 2ODG  oBD  oEE 2_   2 _         _  2    ","","1^-2^-3^-4-5~6-7-8-6 5-8",0,22,0,106,0,556,0,2994,0,16402,0,91096,
Boson,000180,p=1,v=8," oBB 2oAE  DDF  CCG  BBF  oCE  ooD 2_    _ _ 3 _  2    ","","1-2-~3-4-5~6^-8^-7^-5",0,22,0,110,0,586,0,3174,0,17402,0,96422,
Boson,000181,p=1,v=8," ooF  oCG  BDD  CCF  ooG  ADH  oBE  ooF  __   _      _ 2 _  3    ","","1^-2-3^-4-~5-6-7^^ 6-8",0,22,0,110,0,622,0,3686,0,22462,0,139310,
Boson,000182,p=1,v=8," oCF  oDF  oAG  BEE  DDG  ABH  oCE  ooF 3_      _   _  3    ","","1-2-3^-5^-6-8-~7-4^-2",0,22,0,110,0,622,0,3702,0,22682,0,141422,
Boson,000183,p=1,v=8," oBD  oAF  oFG  AEE  DDG  BCH  oCE  ooF 3_      _   _  3    ","","1-2-3^-5^-7-~8-6-4^-2",0,22,0,110,0,628,0,3782,0,23452,0,147908,
Boson,000184,p=1,v=8," oCD  oEG  ooA  AEF  BDH  DGH  oBF  oEF 2_     _          _   __    _   __ ","","1^-2^-3-4-5^-7~8-3 6~8 4~6",0,22,0,110,0,634,0,3878,0,24442,0,156518,
Boson,000185,p=1,v=8," oDE  oDF  ooE  ABH  ACG  BGH  oEF  oDF 2_     _          _        _       ","","1^-2-3^-5-6^-8-4~2 5-7-8",0,22,0,114,0,640,0,3714,0,22062,0,133320,
Boson,000186,p=1,v=8," oBD  oAG  ooE  AEF  CDH  DGH  oBF  oEF 2_     _          _   __    _   __ ","","1^-2~3~8-4-5^-6^-7~8 2-4",0,22,0,114,0,706,0,4642,0,31302,0,213450,
Boson,000187,p=1,v=8,"2oOD  ooC  BDD 2ACE 2oOD 2_     _     _      3 _  ","","1^-2~3-4^-6^-8-2 5~7-8 3-5",0,22,0,114,0,718,0,4866,0,33742,0,235554,
Boson,000188,p=1,v=8," oBC  oAE  oAF  ooG  BFH  oCE  oDH  oEG 3_     _  4    ","","1^-2-3-4-5^-7^-8^-6-4",0,22,0,114,0,664,0,4066,0,25622,0,164232,
Boson,000189,p=1,v=8," ooC  CDE  ABG 2BFF 2DEG  CFF   _          _        __ 2 _   _   ","","1^-2-3-5~7-4-8~5 2~4 3-6-7 6-8",0,22,0,114,0,670,0,4162,0,26622,0,173058,
Boson,000190,p=1,v=8,"2oOD  ooC  BDD 2ACE 2oOD 2_     _  2       _         _ ","","1^-2-3-4^-6^-8-2 5-7-8 3~5",0,22,0,114,0,622,0,3458,0,19502,0,111330,
Boson,000191,p=1,v=8," oDE  oDF  ooE  ABH  ACG  BGH  oEF  oDF 2_     _  5    ","","1^-2-3^-5-6^-8-4-2 5-7-8",0,22,0,114,0,688,0,4418,0,29182,0,195336,
Boson,000192,p=1,v=8," oBD  oAG  ooE  AFH  CFH  DEG  oBF  oDE 2_     _  2    2  _      ","","1^-2-3-8-4~5-6^-7^-8 2-4",0,22,0,114,0,694,0,4482,0,29742,0,199938,
Boson,000193,p=1,v=8," oCF  oEG  ADD  CCE  BDF  AEG  BFH  ooG 2_      _   _  4    ","","1-2-3^-6-4-5^-7-~8-6 2-4",0,22,0,118,0,730,0,4774,0,32082,0,218542,
Boson,000194,p=1,v=8," oBC  oAD  oAF  BEE  DDG  CGH  oEF  ooF 3_      _   _  3    ","","1-2-3^-5^-6^-8-~7-4-2",0,22,0,118,0,742,0,4950,0,33882,0,234598,
Boson,000195,p=1,v=8," oDD  oEF  oEG  AAF  BCF  BDE  oCH  ooG 3_ _   _        _     _       ","","1-2~3^-4-5^~6-4 6-7-~8^",0,22,0,122,0,826,0,5922,0,43202,0,316898,
Boson,000196,p=1,v=8," oBD  oAG  oDF  ACE  DFH  oCE  oBH  oEG 3_   3    2  _ ","","1^-2~4-8-5-6^-7-8 1-3^-5",0,24,0,128,0,768,0,4824,0,31144,0,204704,
Boson,000197,p=1,v=8," oBC  oAF  oAG  ooE  DFG  BEH  oCE  ooF 3_   3 _  2    ","","1^-2-3-4^-5^-6^-7~2 7-8",0,24,0,128,0,768,0,4840,0,31384,0,207200,
Boson,000198,p=1,v=8," oBC  oAF  ADD  ooE  CCE 2OOD  ooB 2_      _ 2 _  3    ","","1-2^-3^-4-~5-6=7-8^",0,24,0,128,0,720,0,4072,0,23064,0,130784,
Boson,000199,p=1,v=8," oBE  oAF  oDE  ooC  ACG  BGH  oEF  ooF 3_     _         _     _      ","","1^-2^-3-4^-6^-7~5-3 7-8",0,24,0,128,0,792,0,5192,0,35064,0,240704,
Boson,000200,p=1,v=8," oBC  ADE  ADG  BCF  BFG  DEH  CEH  oFG  _           _        _    __  _     _  ","","1^-2-4-3-1 2~5-6~8-4 5-7-3 7~8",0,24,0,128,0,792,0,5176,0,34824,0,238208,
Boson,000201,p=1,v=8," oBC  ADE  ADG  BCF  BFG  DEH  CEH  oFG  _           _        __   _   __       ","","1^-2-4-3-1 2~5-6-8-4 5~7-3 7~8",0,24,0,128,0,744,0,4472,0,27464,0,171392,
Boson,000202,p=1,v=8," oDF  CCD  BBE  ABE  CDH  AGG  FFH  oEG  _   2 _  5    ","","1^-2=4-5-6-3-1 3-7-~8-6",0,24,0,128,0,816,0,5592,0,39464,0,281888,
Boson,000203,p=1,v=8," oBC  oAE  oAG  ooE  BDF  EGH  oCF  ooF 3_     _  4    ","","1^-2-3^-4^-5^-6-7-2 7-8",0,24,0,128,0,816,0,5608,0,39704,0,284384,
Boson,000204,p=1,v=8," ooF  oCE  BDD  CCG  BFG  AEH  oDE  ooF  __   _      _   _  4    ","","1^^-2-3 2-4-5^-7-~8-6-4",0,24,0,128,0,762,0,4736,0,30224,0,196358,
Boson,000205,p=1,v=8," oCD  oCG  ABD  ACE  DFH  EGH  oBF  oEF 2_      _   _         _     _      ","","1^-2~5-6-8-5 4^-7~3-1 3-4 7-8",0,24,0,132,0,900,0,6580,0,49164,0,369828,
Boson,000206,p=1,v=8," oBC  oAE  oAG  FFG  BHH  oDD  oCD  oEE 3_     _          _ 2    ","","1^-2^-4-7-~8 1-3^-5=6",0,24,0,132,0,840,0,5668,0,39384,0,277908,
Boson,000207,p=1,v=8," oCD  oEG  ADF  ACG  BFH  CEH  oBD  oEF 2_   2 _  4    ","","1-2^-5-6-8-5 4^-7~3-1 3-4 7-8",0,24,0,132,0,804,0,5108,0,33324,0,221316,
Boson,000208,p=1,v=8," oCD  oCG  ABD  ACE  DFH  EGH  oBF  oEF 2_      _   _  4    ","","1^-2-5-6-8-5 4^-7~3-1 3-4 7-8",0,24,0,132,0,876,0,6196,0,44964,0,329892,
Boson,000209,p=1,v=8," oCD  oCG  ABE  AEF  CDH  DGH  oBF  oEF 2_           _       _ _         _ ","","1^-2-5~6-7-3-1 4^-8~5 3-4 7-8",0,24,0,132,0,828,0,5492,0,37524,0,260676,
Boson,000210,p=1,v=8,"8OOO 2    6  _ ","","1-2~5-3-1-4~6-2 3~7-4 5-8-6 7-8",0,24,0,72,0,216,0,648,0,1944,0,5832,
Boson,000211,p=1,v=8," oBB 2ACD 2OBD 2BCE  oDD  _           _  _    _ _   _   _        ","","1^-2-4-5-8~3-7~4 1-3 2-6~7 6-8",0,24,0,136,0,960,0,7240,0,55624,0,429544,
Boson,000212,p=1,v=8," oBC  ADF  ADG  BCE  DFG  BEH  CEH  oFG  _           _        __   _   __       ","","1^-2-4-3-1 2~5-6-7-3 5~8-4 7~8",0,24,0,136,0,840,0,5384,0,35384,0,236680,
Boson,000213,p=1,v=8," BCF  ACD  ABE  BEG  CDH  AGH  DFH  EFG        _    __       _     __ 2 _  ","","1~2-3-1~4-5-2 3-6~7-4 5-8~6 7-8",0,24,0,136,0,912,0,6536,0,48104,0,357928,
Boson,000214,p=1,v=8,"4OOB 4OOA 4 _  4    ","","1=2-4-~6-8=7-5-~3-1",0,24,0,136,0,792,0,4616,0,26904,0,156808,
Boson,000215,p=1,v=8,"2OBB 2AAC 2BDD 2OCC        __ 2 _  4    ","","1-2-3~1~4-2 3-5-7-6-4 5-8-6 7-8",0,24,0,136,0,984,0,7560,0,58904,0,460552,
Boson,000216,p=1,v=8," oBB  AAD 2ODE  BCC  CCF  EGG  oFF  _ _   _         __    _   _  2    ","","1^-~2-3~4-5-3 4~6-5 6-7=8",0,24,0,136,0,936,0,6856,0,51384,0,388552,
Boson,000217,p=1,v=8," oBE  oAF  oEF  ooE  ACD  BCG  oFH  ooG 2_    _ _   _         _  2    ","","1-2-3-4^-6^-7-5^~3 7-8^",0,24,0,136,0,936,0,6920,0,52344,0,398728,
Boson,000218,p=1,v=8," oBB 2ACD 2OBD 2BCE  oDD  _   5    2  _ ","","1^-2-4~5-8-3-7-4 1-3 2-6-7 6-8",0,24,0,136,0,816,0,5000,0,31144,0,196648,
Boson,000219,p=1,v=8,"2OBB 2AAC 2BDD 2OCC        __ 2 _         __ 2  _ ","","1-2-3~1~4-2 3-5~7-6-4 5~8-6 7-8",0,24,0,136,0,888,0,6152,0,43864,0,317320,
Boson,000220,p=1,v=8,"2OBC 2OAD 2ADD 2BCC         _ 2_      _  _ _        __ ","","1~2~5-3-1~4-6-2 3~7-6 5-8-4 7-8",0,24,0,136,0,888,0,6120,0,43384,0,312232,
Boson,000221,p=1,v=8," oBC  oAD  oAF  oBG  ooF  oCE  oDH  ooG 4_     _  3    ","","1^-2-3^-4^-5^-6^-7-8",0,24,0,136,0,888,0,6136,0,43624,0,314776,
Boson,000222,p=1,v=8," oBD  oAE  DGG  ACE  BDF  EHH  oCC  oFF 2_      _ 3       _      ","","1^-2^-4-3-1 3-5-~6 4-7=8",0,24,0,140,0,972,0,7172,0,54204,0,413684,
Boson,000223,p=1,v=8," oBC  AEE  ADG  CEE 2BDF  EEG  oCF  _   5    2  _ ","","1^-2-3~6-7-4-1 4-8-5-7 2-5 6-8",0,24,0,144,0,906,0,5856,0,38664,0,259494,
Boson,000224,p=1,v=8," oBC  AEE  ADG  CEE 2BDF  EEG  oCF  _           _   __ 2 _         _  ","","1^-2~3-6-7-4-1 4-8~5~7 2-5 6-8",0,24,0,144,0,1002,0,7392,0,55944,0,428262,
Boson,000225,p=1,v=8," oBE  oAF  oDE  ooC  ACF  BEG  oFH  ooG 3_     _  4    ","","1^-2^-3-4^-5^-6-3 6-7-8",0,24,0,144,0,1008,0,7464,0,56664,0,435024,
Boson,000226,p=1,v=8," oBD  ACC  BBH  AEF  DGH  DGG  EFF  oCE  _      _   _  5    ","","1^-2-~4-5-6-3-1 3-7=8-6",0,24,0,144,0,1008,0,7480,0,56904,0,437616,
Boson,000227,p=1,v=8,"4oBB 4oAA  _   3_ _      3  _ ","","1~2^-4~6^-8-7^-5~3^-1",0,24,0,88,0,360,0,1544,0,6744,0,29656,
Boson,000228,p=1,v=8,"4OBB 4OAA      2  _   __        __ 2_ _ ","","1-2-5-3~1~4~6~2 3~7-6 5-8-4 7-8",0,24,0,88,0,360,0,1576,0,7224,0,34168,
Boson,000229,p=1,v=8," oBB 2ACE  BBD  CEE 2BDF  oEE  _   7    ","","1^-2-4-3-1 2-5-6-7-3 5-8-4 7-8",0,24,0,152,0,1176,0,9576,0,79064,0,655352,
Boson,000230,p=1,v=8,"2OOB 2OAC 2OBD 2OOC 2 _  6    ","","1-~2-4-3-1 3-5-6-4 5-7=8-6",0,24,0,152,0,1128,0,8840,0,70744,0,570776,
Boson,000231,p=1,v=8," oBF  ACC 2BDD 2CCE  DDF  oAE  _        2  _ 2 _  2    ","","1^-2-4-7-5-3-1 4-8~5 3-6~7 6-8",0,24,0,92,0,384,0,1668,0,7424,0,33596,
Boson,000232,p=1,v=8," oBF  ACC 2BDD 2CCE  DDF  oAE  _   5    2  _ ","","1^-2~4-7-5-3-1 4-8-5 3-6-7 6-8",0,24,0,156,0,1104,0,8196,0,62544,0,484476,
Boson,000233,p=1,v=8," oBF  ACC 2BDD 2CCE  DDF  oAE  _   7    ","","1^-2-4-7-5-3-1 4-8-5 3-6-7 6-8",0,24,0,156,0,1200,0,9732,0,80304,0,666492,
Boson,000234,p=1,v=8," oBC  ADE  AEG  BFG  BCF  DEH  CDH  oFG  _          _     _ 4 __ ","","1^-2~4-3-1 2-5~6~8~4 5~7-3 7-8",0,24,0,96,0,456,0,2360,0,12744,0,70368,
Boson,000235,p=1,v=8," oBC  ADE  ADG  BCF  BFG  DEH  CEH  oFG  _        4 _  2    ","","1^-2~4-3-1 2-5-6-8-4 5-7-3 7~8",0,24,0,96,0,408,0,1784,0,7944,0,35808,
Boson,000236,p=1,v=8," oDG  oDF  oFH  ABE  DGH  oBC  oAE  oCE 3_          __      2  _ ","","1-2^-4~8-5-6^-7~8 1-3^-5",0,24,0,96,0,432,0,2072,0,10344,0,52992,
Boson,000237,p=1,v=8," oBC  oAG  AEG 2OEF  CDD  oDD  oBC 2_      _         _      2  _ ","","1^-2^-4~3-1 4-5-6~7-8-6 5-8",0,24,0,96,0,432,0,2088,0,10584,0,55296,
Boson,000238,p=1,v=8," oCD  oCG  ABE  AEF  CDH  DGH  oBF  oEF 2_        3 _     _      ","","1^-2~5-6-7-3-1 4^-8-5 3-4 7~8",0,24,0,100,0,468,0,2292,0,11484,0,58372,
Boson,000239,p=1,v=8," oCE  oDG  ADF  BCH  AFG  CEH  oBE  oDF 2_           _ 2 _         _  ","","1-2^-5~6-7~3-1 4^-8-5 3-4 7-8",0,24,0,100,0,468,0,2356,0,12444,0,67684,
Boson,000240,p=1,v=8," oCD  oCG  ABE  AEF  CDH  DGH  oBF  oEF 2_        2 _  3    ","","1^-2-5-6-7-3-1 4^-8-5 3-4 7~8",0,24,0,100,0,492,0,2612,0,14404,0,81124,
Boson,000241,p=1,v=8," oCE  oDG  ADF  BCH  AFG  CEH  oBE  oDF 2_           _   __   _     _   _  ","","1-2^-5~6-7~3~1 4^-8-5 3-4 7-8",0,24,0,100,0,444,0,2036,0,9524,0,45124,
Boson,000242,p=1,v=8," oBE  oAF  oFG  oGH  ooA  oBC  oCD  ooD 4_     _  3    ","","1^-2^-3^-4-5^-6-7^-8",0,24,0,104,0,516,0,2728,0,14944,0,83648,
Boson,000243,p=1,v=8," BCD  ACE  ABH  AEF  BDG  DGH  EFH  CFG      4 _  2  _   __ ","","1-2~3~1-4~5-2 3-6~7-4 5-8-6 7-8",0,24,0,104,0,528,0,2888,0,16424,0,95432,
Boson,000244,p=1,v=8," oBB 2ACD 2OBD 2BCE  oDD  _           _  _    _ _       __       ","","1^-2~4-5-8-3-7~4 1-3 2-6~7 6-8",0,24,0,104,0,480,0,2312,0,11464,0,57992,
Boson,000245,p=1,v=8," oBG  oAH  oDF  CEG  DFH  oCE  oAD  oBE 3_          __    _         _ ","","1^-2^-4~8-5-6^-7~8 1-3-5",0,24,0,104,0,492,0,2440,0,12464,0,64928,
Boson,000246,p=1,v=8,"2BBC 4OAC 2ABB         _ 2_   2_ _    _  _ _ ","","1~2-3-1~4-2 3~5~7-6-4 5-8-6 7~8",0,24,0,104,0,504,0,2504,0,12504,0,62504,
Boson,000247,p=1,v=8," oBC  AEF  AEG  EFG  BCD  BDH  CDH  oFG  _          _    __ 2 _    __    _ ","","1^-2~4-3-1 2-5~6-7-3 5~8-4 7~8",0,24,0,104,0,504,0,2568,0,13464,0,71912,
Boson,000248,p=1,v=8,"2OBB 4OAC 2OBB         _        _   _    _ _         _ ","","1~2-3-1~4-2 3-5~7-6-4 5-8-6 7-8",0,24,0,104,0,504,0,2632,0,14424,0,81320,
Boson,000249,p=1,v=8,"2OBC 2OAD 2ADD 2BCC         _ 2_      _  _ _        __ ","","1-2~5-3-1-4~6~2 3~7-6 5-8-4 7-8",0,24,0,104,0,504,0,2600,0,13944,0,76616,
Boson,000250,p=1,v=8," oBF  oAG  oEF  oGH  ooC  oAC  oBD  ooD 4_     _  3    ","","1^-2^-3-4^-5^-6-7^-8",0,24,0,104,0,504,0,2616,0,14184,0,78968,
Boson,000251,p=1,v=8,"8OOO 8    ","","1-2-5-3-1-4-6-2 3-7-4 5-8-6 7-8",0,24,0,168,0,1464,0,13128,0,118104,0,1062888,
Boson,000252,p=1,v=8," oBF  ACC 2OBD 2OCE  DDF  oAE  _        2_   2    2  _ ","","1^-2~4-7-5~6-3-1 4-8-6 3-5 7-8",0,24,0,108,0,576,0,3332,0,20064,0,123228,
Boson,000253,p=1,v=8," oBH  ACE  BDF  CEG  BDF  CEG  DFH  oAG  _           _   _    __  __  2    ","","1^-2-4-7~5-3-1 4-8~5 3-6~7 6-8",0,24,0,108,0,528,0,2692,0,14064,0,74652,
Boson,000254,p=1,v=8," oBF  oAG  oEH  ooE  CDF  AEG  oBF  ooC 3_     _       2  _      ","","1-2^-3-4^ 3-5-6^-8^-7~5",0,24,0,108,0,540,0,2820,0,15084,0,81972,
Boson,000255,p=1,v=8,"2oCC 2ABD 2OCE 2oOD  _    _ _        _  2_   2    ","","1-2-4~3-1 3-5~6^-8-4 5-7^-8",0,24,0,108,0,540,0,2788,0,14604,0,77220,
Boson,000256,p=1,v=8," oCC 2oCE 2ABD  oCC 2oOB 3_        2  _ 2 _  ","","1~2-4^-8-6^-5~7-8 3^-5 1-3",0,24,0,108,0,540,0,2852,0,15564,0,86724,
Boson,000257,p=1,v=8,"3oBD  AAA  DDD 3oAC 3_   5    ","","1^-2-8-6-4^-3-5^-7-8 1-3",0,24,0,108,0,624,0,3972,0,26064,0,172572,
Boson,000258,p=1,v=8," oBD  oAF  DEE  ACF 2OCG  oBD  oEE 2_           _  _    _ _ 2  _ ","","1^-2^-4~3-1 4-5-6~7-8~6 5-8",0,24,0,112,0,576,0,3080,0,16824,0,93232,
Boson,000259,p=1,v=8," oBE  oAF  oEH  ooG  ACF  BEG  oDF  ooC 3_     _     _   _  2    ","","1^-2-3-4^-5^-6~3 6-7^-8",0,24,0,112,0,576,0,3048,0,16344,0,88432,
Boson,000260,p=1,v=8," oBD  oAH  oFG  AEF  DGH  oCD  oCE  oBE 3_          _          _      ","","1^-2^-4-5-6^-7~8-3-1 4-8",0,24,0,112,0,576,0,3112,0,17304,0,98032,
Boson,000261,p=1,v=8," oBC  AEF  ADE  CFG  BCG  BDH  DEH  oFG  _           _        __        __    _ ","","1^-2-4~3-1 2-5-6~8~4 5-7-3 7-8",0,24,0,112,0,576,0,3064,0,16584,0,90832,
Boson,000262,p=1,v=8," oBD  oAG  oEF  AEF  CDH  oCD  oBH  oEG 3_      _      3  _ ","","1-2^-4^-8-5-6^-7~8 1~3-5",0,24,0,112,0,576,0,3128,0,17544,0,100432,
Boson,000263,p=1,v=8," oBD  oAG  oEF  AEF  CDH  oCD  oBH  oEG 3_      _         _ 2    ","","1-2^-4^-8-5-6^-7~8 1-3-5",0,24,0,112,0,600,0,3416,0,20104,0,120688,
Boson,000264,p=1,v=8," oBD  oAG  oDF  ACE  DFH  oCE  oBH  oEG 3_          _  3  _ ","","1^-2~4-8-5-6^-7~8 1-3^-5",0,24,0,112,0,600,0,3480,0,21064,0,130288,
Boson,000265,p=1,v=8," oBC  ADE  ADG  BCF  BFG  DEH  CEH  oFG  _        2 _  4 __ ","","1^-2~4-3-1 2-5~6~8-4 5~7-3 7~8",0,24,0,112,0,600,0,3448,0,20584,0,125488,
Boson,000266,p=1,v=8," oBF  ADE  DEF 2BCG  ACH  DEH  oFG  _          __      2 _  2    ","","1^-2-3-6-7-4-1 4-8-5~7 2~5 6-8",0,24,0,112,0,618,0,3680,0,22744,0,143206,
Boson,000267,p=1,v=8," oBD  oAF  oGH  AEG  DFH  oBE  oCD  oCE 3_          _     _ 2    ","","1^-2^-4-5-6^-7-8~3-1 4-8",0,24,0,112,0,624,0,3752,0,23384,0,148336,
Boson,000268,p=1,v=8," oBD  oAG  oDF  ACE  DFH  oCE  oBH  oEG 3_          _     _ 2    ","","1^-2-4-8-5-6^-7~8 1-3^-5",0,24,0,112,0,624,0,3768,0,23624,0,150736,
Boson,000269,p=1,v=8," oBF  ADE  DEF 2BCG  ACH  DEH  oFG  _          _         _       2  _ ","","1^-2-3~6-7-4-1 4-8-5~7 2-5 6-8",0,24,0,112,0,570,0,3040,0,16664,0,92998,
Boson,000270,p=1,v=8," oBC  oAG  ADE  CEF  CDF  DEH  oBH  oFG 2_          _  2 __        _  ","","1^-2-4~6~7-5-8-6 3^-5 1-3 7~8",0,24,0,116,0,660,0,4052,0,25804,0,167252,
Boson,000271,p=1,v=8," oBE  oAG  oFH  ooE  ADF  CEG  oBF  ooC 3_     _  4    ","","1-2^-3-4-5^-6^-7-3 7-8^",0,24,0,116,0,612,0,3348,0,18684,0,105716,
Boson,000272,p=1,v=8," oEE  oDG  ooD  BCF 2OAF  DEE  ooB 2_     _        _    _ _    _      ","","1-2^-3-4^ 3-5~6-7^-8~6 5-8",0,24,0,116,0,612,0,3316,0,18204,0,100868,
Boson,000273,p=1,v=8," oCD  oDE  oAG  ABF  BFH  oDE  oCH  oEG 3_          _     _ 2    ","","1^-2-4-8-6^-5-7~8 3^-5 1-3",0,24,0,116,0,636,0,3668,0,21764,0,131540,
Boson,000274,p=1,v=8," oCD  oDE  oAG  ABF  BFH  oDE  oCH  oEG 3_          _  3  _ ","","1^-2~4-8-6^-5-7~8 3^-5 1-3",0,24,0,116,0,636,0,3732,0,22724,0,141236,
Boson,000275,p=1,v=8,"2OOB 2OOA 2OOC 2OOB 6 _  2    ","","1-~2-4~3-1 3-5~6-4 5-7=8-6",0,24,0,120,0,648,0,3528,0,19224,0,104760,
Boson,000276,p=1,v=8," oBE  oAF  oDG  CEF  ADH  oBD  oCH  oEG 3_   3    2  _ ","","1^-2-4-5^-6~7-8-3^-1 4-8",0,24,0,120,0,648,0,3592,0,20184,0,114552,
Boson,000277,p=1,v=8," oBE  oAF  oDG  oCH  ooA  oBG  oCF  ooD 4_     _  3    ","","1^-2^-3^-4-5-6^-7^-8",0,24,0,120,0,648,0,3544,0,19464,0,107208,
Boson,000278,p=1,v=8,"4OOB 4OOA 2    2  _ 2    2  _ ","","1-2-5-3-1~4-6-2 3~7-6 5-8-4 7-8",0,24,0,120,0,648,0,3560,0,19704,0,109656,
Boson,000279,p=1,v=8," oDE  oEF  oEG  ooA  ABC  BGH  oCF  ooF 3_     _         _     _      ","","1^-2^-3-4^-6~7-5^-3 7-8",0,24,0,120,0,720,0,4680,0,31464,0,214488,
Boson,000280,p=1,v=8," oBC  ADF  AEG  BEG  CDF  BEH  CDH  oFG  _           _ 2 _        _ _    _ ","","1^-2~4~5-8-3-7-4 1-3 2-6~7 6-8",0,24,0,120,0,720,0,4648,0,30984,0,209592,
Boson,000281,p=1,v=8," oDE  CCD  BBF  ABH  AGH  CGG  EFF  oDE  _   2 _          _ 2       _ ","","1^-2-3~4-1 2-5-~7-8=6-4",0,24,0,120,0,672,0,3976,0,24264,0,150936,
Boson,000282,p=1,v=8," oBC  AEF  ADG  CEF  BDG  BDH  CEH  oFG  _   2       _        _  2    ","","1^-2-4-5-8-3-7~4 1-3 2-6-7 6-8",0,24,0,120,0,672,0,3944,0,23784,0,146040,
Boson,000283,p=1,v=8," oBE  ACD  BDF  BCH  AFG  CEG  EFH  oDG  _        3 _    __   _       ","","1^-2-4-5-7-3-8-6~4 2~6 1-3 7~8",0,24,0,120,0,744,0,5000,0,34584,0,241656,
Boson,000284,p=1,v=8," oBE  ACD  BDF  BCH  AFG  CEG  EFH  oDG  _        2 _  4    ","","1^-2-4-5-7-3-8-6~4 2-6 1-3 7-8",0,24,0,120,0,696,0,4296,0,27384,0,177720,
Boson,000285,p=1,v=8," BBC  AAD  AEE  BEE 2CDF 2OOE 2 _          _        _  2__  ","","1~~2-4-5~3-6-4 1-3 5-7-~8-6",0,24,0,120,0,696,0,4360,0,28344,0,187512,
Boson,000286,p=1,v=8," oBB 2ACE  BBD  CEE 2BDF  oEE  _           _         _   _   _ _    _ ","","1^-2-4-3-1 2-5-6~7~3 5~8-4 7-8",0,24,0,120,0,696,0,4264,0,26904,0,172824,
Boson,000287,p=1,v=8," oBC  oAD  AEF  BEF  CDG  CDH  oEH  oFG 2_        2 _       2  _ ","","1^-2^-4-5~3-8-4 1-3 5-6~7-8",0,24,0,120,0,696,0,4328,0,27864,0,182616,
Boson,000288,p=1,v=8," oBD  oAE  oDF  ACG  BFH  oCE  oDH  oEG 3_   5    ","","1^-2^-8-6-4^-3-5-7-8 1-3",0,24,0,124,0,768,0,5124,0,35264,0,245884,
Boson,000289,p=1,v=8," oBC  oAD  AEG  BFH  CFH  DEG  oCF  oDE 2_           _ 2 _         _  ","","1^-2^-5-6-7-3-1 4-8-5 3~4 7~8",0,24,0,124,0,708,0,4196,0,25444,0,156868,
Boson,000290,p=1,v=8," oBD  oAE  oDF  ACG  BFH  oCE  oDH  oEG 3_          _     _ 2    ","","1^-2^-8~6-4^-3-5-7-8 1-3",0,24,0,124,0,720,0,4356,0,27024,0,170620,
Boson,000291,p=1,v=8," oDG  oDE  ooE  ABF  BCF  DEG  AFH  ooG 2_     _  2       _   _       ","","1^-2-3^-5-4-2 4~7-6^-5 7-8",0,24,0,124,0,726,0,4444,0,27934,0,178750,
Boson,000292,p=1,v=8," oCE 2oDF  ooA  BBE  ADG  oBB  ooE 3_     _  4    ","","1^-2^-3-4 3-5-6^-8-7^-5",0,24,0,124,0,732,0,4548,0,29084,0,189364,
Boson,000293,p=1,v=8," ooD  oCF  oBH  AEE  DDG  oBG  oEF  ooC 3__     _   _  3    ","","1-2^~3^-4-5-6-~7-8^^",0,24,0,124,0,684,0,3812,0,21324,0,119620,
Boson,000294,p=1,v=8," oBC  oAE  ADG  CFG  BFH  DEH  oCD  oEF 2_           _ 2       _      ","","1^-2^-5-6-8-5 4~7-3-1 3-4 7-8",0,24,0,124,0,756,0,4964,0,33684,0,231940,
Boson,000295,p=1,v=8," oBD  oDE  ACC  BBG  AAF  AFF  DEE  ooC 2_      _   _       2 __      ","","1-2-~3-4^-5-6^-8~~7-5",0,26,0,130,0,704,0,3906,0,21866,0,122920,
Boson,000296,p=1,v=8," oCF  oFG  ADE  CEG  CDG  ABH  BDE  ooF 2_          __   _         _       ","","1-2-3^-5~7-6-4^-2 5-8-6 7~8",0,26,0,130,0,728,0,4290,0,26026,0,160888,
Boson,000297,p=1,v=8," oCD  oEF  oAG  AEF  BDG  BDH  oCE  ooF 3_   2  _   _     _      ","","1-2-3^-8-4-5^-6^-7~8 2~4",0,26,0,130,0,734,0,4370,0,26806,0,167602,
Boson,000298,p=1,v=8," oCD  oDF  oAG  ABE  DFG  BEH  oCE  ooF 3_        2 __ 2  _ ","","1~2-3^-8-4~5-6^-7^-8 2~4",0,26,0,130,0,746,0,4562,0,28886,0,186682,
Boson,000299,p=1,v=8," oCD  oCE  ABF  AFG  BFG  CDE  DEH  ooG 2_          _         _  2    ","","1-2-3-4^-8-6^-5-2 5-7~3 7-8",0,26,0,130,0,752,0,4642,0,29666,0,193432,
Boson,000300,p=1,v=8," oCD  ooC  ABE  AEF  CDH  DGG  FFH  oEG  _     _       2 _  3    ","","1^-2-3^-6~4-5-7=8-6 2-4",0,26,0,134,0,770,0,4678,0,29346,0,187814,
Boson,000301,p=1,v=8," oBF  oAG  DEG  CEF  CDF  ADE  BCH  ooG 4_   4    ","","1-2-3^-4^-6-7~5-8-6 2-5 7-8",0,26,0,134,0,770,0,4646,0,28826,0,182150,
Boson,000302,p=1,v=8," ooC  CDF  ABE  BEG  CDF  BEH  DHH  FGG   _          _       _ _   _  2 __ ","","1^-2~3~5-4-2 3-6-4 5-7~~8-6",0,26,0,134,0,794,0,4998,0,32506,0,215558,
Boson,000303,p=1,v=8," ooC  ooD  AEE  BEE 2CDF  EEG  ooF  __    _          _        _  2    ","","1^^-2-3~5-4-2 3-7-4 5-6^ 7-8",0,26,0,134,0,794,0,5126,0,34586,0,238214,
Boson,000304,p=1,v=8," oDE  oGH  ooD  ACG  AFF  EEH  oBD  oBF 2_     _  5    ","","1^-2-3-5^-6-8=7-4^-2",0,26,0,134,0,794,0,5014,0,32766,0,218390,
Boson,000305,p=1,v=8," oBC  oAF  ADE  CEG  CDG  BGH  DEF  ooF 2_          _  3 __    _ ","","1~2-3^-4^-6-7~5-8-6 2~5 7~8",0,26,0,134,0,794,0,5030,0,33026,0,221222,
Boson,000306,p=1,v=8," ooF  oCE  oBH  ooE  BDG  oAG  oEF  ooC 3__    _  4    ","","1^^-2-3-4-5^ 4-6^~7^-8",0,26,0,134,0,740,0,4182,0,23836,0,136412,
Boson,000307,p=1,v=8," oCC  ooE 2ADG  CCF  BFF  DEE  oCC  _     _       2 _  3    ","","1^-2=3-4~5-6^-8-4 5-7-8",0,26,0,134,0,746,0,4294,0,25146,0,148934,
Boson,000308,p=1,v=8," oBD  oAE  oDG  ACF  BFG  DEH  oCE  ooF 3_        2 __ 2  _ ","","1~2-3-4^-6^-8~2 5^-7~8 3-5",0,26,0,138,0,854,0,5634,0,38406,0,266610,
Boson,000309,p=1,v=8," oCD  oCE  ABF  AEG  BDF  CEG  DFH  ooG 2_           _ 2     _        ","","1-2~3-4^-8-5-2 5-6-3 6-7^-8",0,26,0,138,0,812,0,4978,0,31246,0,199368,
Boson,000310,p=1,v=8," oBE  oAF  oEF  oEG  ACD  oBC  oDH  ooG 2_   2_ _         _   _       ","","1-2~3^-4-5^-7^-8~6^-4",0,26,0,138,0,884,0,6130,0,43966,0,319896,
Boson,000311,p=1,v=8," oDF  oDG  oEG  ABE  CDF  AEH  oBC  ooF 3_   5    ","","1-2-3^-8-4-5^-6-7^-8 2-4",0,26,0,138,0,830,0,5314,0,35206,0,237906,
Boson,000312,p=1,v=8," oBD  oAG  ooH  AEH  DFF  EEG  oBF  oCD 2_     _  5    ","","1^-2-3-4^-5^-6-8=7-3",0,26,0,142,0,902,0,6102,0,42626,0,303046,
Boson,000313,p=1,v=8," ooE  ooF  DDE  CCG  ACH  oBG  oDF  ooE 2__  2 _  4    ","","1^^-2-3-4-~5-6-7^^ 6-8",0,26,0,142,0,842,0,5062,0,30626,0,186286,
Boson,000314,p=1,v=8," oBE  oAG  ooD  CGH  AFF  EEH  oBD  oDF 2_     _  5    ","","1^-2-3-5^-6^-8=7-4-2",0,26,0,142,0,890,0,5942,0,41006,0,288238,
Boson,000315,p=1,v=8," oDD  oDE  oFF  AAB  BGH  CCG  oEF  ooE  _ _ 2_     _  4    ","","1-2-3^-5-~6^ 4-7=8^ 2-4",0,26,0,146,0,932,0,6242,0,42986,0,301400,
Boson,000316,p=1,v=8,"2oCD  oCC 2ABE  AAF  oCC  ooD 2_    _ _        __         _      ","","1-2-3^-5~6^-8-4^-2 5~7-8",0,26,0,146,0,872,0,5282,0,32186,0,197000,
Boson,000317,p=1,v=8," oBD  oAF 2oDE  ACC  oCC  oBG  ooF 4_   4    ","","1-2-3^-4^-5-6^-8-7^-5",0,26,0,146,0,944,0,6434,0,45146,0,322424,
Boson,000318,p=1,v=8," ooD  ooO  OCC  BBE  AFG  CFF  DEE  ooD  __    _     _   _  4    ","","1^^-2-3 2-4=5-6-~7-8^",0,26,0,150,0,962,0,6438,0,44226,0,309270,
Boson,000319,p=1,v=8," oEE  ooO  OCC  BBD  CEF  AAD  DGG  oFF  _     _     _   _  4    ","","1^-2-~3-4-5=6^ 4-7=8",0,26,0,150,0,1034,0,7590,0,57306,0,438582,
Boson,000320,p=1,v=8," ooB  oAF  oDE  ooC  CGH  oBG  oEF  ooE  __  2_     _  4    ","","1^^-2^-3-4-5-6 5-7^-8^",0,26,0,150,0,974,0,6614,0,46146,0,327774,
Boson,000321,p=1,v=8," oDE  ooC  BDF  ACH  AGH  CGG  EFF  oDE  _   3 _  4    ","","1^-2~3-4^-7-5-3 2-6=8-7",0,26,0,150,0,914,0,5638,0,34986,0,218166,
Boson,000322,p=1,v=8," ooD  CCD  ooE  BBE  ABF 2OOC  ooD  __  3 _  4    ","","1^^-2-3 2-4-~5-6=7-8^",0,26,0,150,0,914,0,5606,0,34466,0,212310,
Boson,000323,p=1,v=8," ooB  oAF  oEG  ooE  CDF  oBE  oCH  ooG  __  2_     _  4    ","","1^^-2^-3-4-5^ 4-6^-7-8",0,26,0,150,0,980,0,6710,0,47236,0,338508,
Boson,000324,p=1,v=8,"2OOC  ooD  AAE  BFF  CGG  DDG  EEF 3 _  5    ","","1^-2=3-4=5-6-7-~8-6",0,26,0,150,0,986,0,6886,0,49626,0,363894,
Boson,000325,p=1,v=8," ooF  oDE  ooD  BCG  BFG  AEH  oDE  ooF 2__    _   _   4  _ ","","1^^-2~3 2-4-5^~7-6~4 7-8^",0,26,0,150,0,938,0,6022,0,39346,0,260694,
Boson,000326,p=1,v=8," BBC  ooD  AAD  AEE 2BEE 2CDD 3 _  5    ","","1^-2=3-4-5-~7-8=6-4",0,26,0,150,0,938,0,6054,0,39866,0,266550,
Boson,000327,p=1,v=8," oDE  ooC  BDF  ACH  AGH  CGG  EFF  oDE  _     _  6    ","","1^-2-3-4^-7-5-3 2-6=8-7",0,26,0,150,0,1010,0,7302,0,54506,0,412854,
Boson,000328,p=1,v=8," oDD  oDE  oFF  AAB  BFG  CCE  oEH  ooG  _ _ 2_     _  4    ","","1-2-3-4^-7-~8^ 5=6^ 3-5",0,26,0,154,0,1064,0,7794,0,58766,0,449800,
Boson,000329,p=1,v=8," oCE  oDE  oAG  oBF  ABF  oDE  oCH  ooG 4_   4    ","","1-2-3^-4^-5-6^-8^-7-5",0,26,0,154,0,1004,0,6802,0,47246,0,333976,
Boson,000330,p=1,v=8," ooB  oAD  ooE  BEF  CDG  DGH  oEF  ooF  __   _     _  5    ","","1^^-2^-3-4-5^ 3-7-6-4 7-8",0,26,0,158,0,1106,0,8166,0,62026,0,478526,
Boson,000331,p=1,v=8," oDE  oFF  ooD  ACF  AGG  BBD 2oOE 2_     _  5    ","","1^-2-3^-6-7-8-6 2-4=5^",0,26,0,162,0,1130,0,8290,0,62586,0,480498,
Boson,000332,p=1,v=8," ooB  oAC  oBE  ooE  CDF  oEG  oFH  ooG  __  2_     _  4    ","","1^^-2^-3^-4-5^ 4-6-7-8",0,26,0,166,0,1220,0,9494,0,75916,0,615100,
Boson,000333,p=1,v=8," ooC  ooD  AEE  BEE 2CDF  EEG  ooF  __    _  6    ","","1^^-2-3-5-4-2 3-7-4 5-6^ 7-8",0,26,0,166,0,1178,0,8774,0,67226,0,523750,
Boson,000334,p=1,v=8," oCC  ooE 2ADG  CCF  BFF  DEE  oCC  _     _  6    ","","1^-2=3-4-5-6^-8-4 5-7-8",0,26,0,166,0,1130,0,7942,0,57146,0,418342,
Boson,000335,p=1,v=8,"2oDE  oDF  oFG  AAB  oAA  oBC  ooC  _   3_ _         _   _     _ ","","1~2^-3~4^-5-6^~8-7^-5",0,26,0,106,0,500,0,2578,0,14006,0,78376,
Boson,000336,p=1,v=8," oDF  oEG  oDH  ACE  BDF  AEG  oBF  ooC 3_           _   _  2    ","","1-2^-3-4^-8~5-6^-7-8 3-5",0,26,0,110,0,518,0,2582,0,13346,0,70694,
Boson,000337,p=1,v=8," oDE  oDG  oEH  ABF  ACF  DEG  oBF  ooC 3_           _   __    _      ","","1-2^-3-4^-8-5~6-7^-8 3~5",0,26,0,110,0,530,0,2710,0,14286,0,76718,
Boson,000338,p=1,v=8," oBF  oAG  oDD 2OCE  DDF  oAE  ooB 3_           _   _  2    ","","1-2^-3^-4-5~6-7^-8-6 5-8",0,26,0,114,0,536,0,2626,0,13266,0,68568,
Boson,000339,p=1,v=8," oBE  oAG  oEF  oFH  ACG  oCD  oBE  ooD 4_      _         _      ","","1-2^-3-4^-5-6^-8^-7~5",0,26,0,114,0,560,0,2914,0,15706,0,86616,
Boson,000340,p=1,v=8," oDF  oDG  oEH  ABE  CDF  AEG  oBF  ooC 3_           _   _  2    ","","1-2^-3-4-5^-7-8~3 6^-8 4-6",0,26,0,118,0,578,0,2950,0,15466,0,82582,
Boson,000341,p=1,v=8," oBD  oAE  oFH  AEF  BDG  CDG  oEF  ooC 3_   2 _  3    ","","1-2^-3-4-8~5-6^-7^-8 3-5",0,26,0,118,0,578,0,2966,0,15726,0,85318,
Boson,000342,p=1,v=8," oDG  oEF  oEH  AFG  BCF  BDE  oAD  ooC 3_      _ 2       _      ","","1-2^-3-4^-5-3 5-6-7^-8~6",0,26,0,118,0,590,0,3094,0,16706,0,91966,
Boson,000343,p=1,v=8," ooF  oEF  oGH  ooE  BDG  oAB  oCE  ooC 3__    _   _          _       ","","1^^-2-3^~4-5^ 4-6~7^-8",0,26,0,118,0,596,0,3190,0,17716,0,100780,
Boson,000344,p=1,v=8," oDF  oDG  oEH  ABE  CDF  AEG  oBF  ooC 3_           _   __    _      ","","1-2^-3-4-5^-7~8~3 6^-8 4-6",0,26,0,118,0,602,0,3206,0,17426,0,95926,
Boson,000345,p=1,v=8," oDD  oEF  oFG 2OAE  BDD  oBC  ooC 4_    _ _    _ 2    ","","1-2^-3-4^-5~6-7^-8~6 5-8",0,26,0,122,0,620,0,3282,0,17806,0,98168,
Boson,000346,p=1,v=8," oBE  oAF  oDG  oCH  AFG  oBE  oCE  ooD 4_     _     _ 2    ","","1-2^-3^-4-5-6^-8^-7~5",0,26,0,122,0,620,0,3250,0,17286,0,92648,
Boson,000347,p=1,v=8," oBE  oAF  oEF  oGH  ACG  oBC  oDE  ooD 4_   4    ","","1-2^-3-4-5^-7^-8-6^-4",0,26,0,122,0,620,0,3314,0,18326,0,103688,
Boson,000348,p=1,v=8," oCD  oCE  ABF  AEF  BDG  CDG  EFH  ooG 2_          __   _  2 __    _ ","","1~2-3-4^-8-5~2 5~6~3 6-7^-8",0,26,0,122,0,692,0,4274,0,27446,0,179576,
Boson,000349,p=1,v=8," oDF  oEG  oDH  ACE  BDF  AEG  oBF  ooC 3_           _   __    _      ","","1-2^-3-4^-8~5-6^-7~8 3-5",0,26,0,126,0,662,0,3574,0,19506,0,106998,
Boson,000350,p=1,v=8," oBC  oAG  ooA  EGH  DFF  EEH  oBD  oDF 2_   2 _       3  _ ","","1^-2^-3^-4~5-6~8=7-5",0,26,0,126,0,674,0,3702,0,20526,0,114366,
Boson,000351,p=1,v=8," oCG  oGH  ADE  CFH  CFF  DEE  oAB  oBD 2_          _        _   2    ","","1-2^-4-6-5-3^-1 5-7=8~6",0,28,0,128,0,652,0,3464,0,18748,0,102464,
Boson,000352,p=1,v=8," oCG  oGH  ADE  CFH  CFF  DEE  oAB  oBD 2_           _ 2 __         _ ","","1-2^-4~6-5-3^-1 5-7~~8-6",0,28,0,128,0,628,0,3208,0,16908,0,91328,
Boson,000353,p=1,v=8," oBB 2OOC 2OAD 2OOB  oBB  _           _         _      2  _ ","","1^-2~3-4-1 2-5-6-4 5~7=8-6",0,28,0,132,0,652,0,3332,0,17548,0,94788,
Boson,000354,p=1,v=8,"4OOB 2AAC 2OOB 2    2  _ 2 _  2    ","","1=2-4~7-5~3-1 4-8-5 3-6-7 6-8",0,28,0,132,0,724,0,4292,0,26548,0,168228,
Boson,000355,p=1,v=8," BCD  AEG  ADF  ACF  BFH  CDE  BHH  EGG         _   _    __   _    __  _        ","","1=2~4-3-1 3~5~7-6-4 5-8-6 7~8",0,28,0,132,0,676,0,3588,0,19428,0,106500,
Boson,000356,p=1,v=8," oBB 2OOC 2OAD 2OOB  oBB  _          _        _ _ 2__     _ ","","1^-2~3-4-1 2~5-6-4 5-7~~8-6",0,28,0,132,0,700,0,3844,0,21308,0,118404,
Boson,000357,p=1,v=8,"2oOB  AAD  EFF  BEE  CDD 2oOC  _    _ _   _  5    ","","1^-2^-3~1 3-4=5-6-7-8-6",0,28,0,196,0,1492,0,11844,0,96628,0,802276,
Boson,000358,p=1,v=8,"2BBC 6OOA         _ 5       _ ","","1=2-4-7-5-3~1 4-8-5 3-6-7 6-8",0,28,0,196,0,1396,0,10052,0,73108,0,536548,
Boson,000359,p=1,v=8,"2BBC 6OOA 8    ","","1=2-4-7-5-3-1 4-8-5 3-6-7 6-8",0,28,0,196,0,1588,0,13636,0,120148,0,1071076,
Boson,000360,p=1,v=8," oDF  oFG  oGH  AEE  DDH  oAB  oBC  oCE 3_           _ 2       _ ","","1^-2-4^-6~8=7-5^-3-1",0,28,0,136,0,772,0,4696,0,29588,0,190312,
Boson,000361,p=1,v=8," oDF  oFG  oGH  AEE  DDH  oAB  oBC  oCE 3_   5    ","","1^-2-4^-6-8=7-5^-3-1",0,28,0,136,0,772,0,4760,0,30708,0,202984,
Boson,000362,p=1,v=8," oCD  oEH  ooA  AEF  BDG  DGG  EFF  ooB 2_   3 _  3    ","","1^-2^-3~4-5^-6 4-8=7-3",0,28,0,136,0,712,0,3848,0,21148,0,117328,
Boson,000363,p=1,v=8,"2oBD 2OAC 2OOB 2oOA 2_           _         _ 2    ","","1-2-4^-6-5-3^-1 5~7=8-6",0,28,0,136,0,724,0,3976,0,22108,0,123592,
Boson,000364,p=1,v=8," oBH  ACE  BDF  CEG  BDH  CGG  DFF  oAE  _           _ 2 _   _   2    ","","1^-2-4-3-1 3-5-6~4 5~7=8-6",0,28,0,136,0,724,0,4056,0,23508,0,139432,
Boson,000365,p=1,v=8,"2oBD 2OAC 2OOB 2oOA 4_   4    ","","1-2-4^-6~5-3^-1 5-7=8-6",0,28,0,136,0,700,0,3720,0,20188,0,111112,
Boson,000366,p=1,v=8," oBH  ACE  BDF  CEG  BDH  CGG  DFF  oAE  _           _         _  _           _ ","","1^-2~4-3-1 3-5-6-4 5~7=8-6",0,28,0,136,0,700,0,3704,0,19908,0,107944,
Boson,000367,p=1,v=8," oDE  CDH  BFH  ABE  ADG  CGG  EFF  oBC  _           _ 4       _ ","","1^-2-3-1 2-4-5~7-4 3-6=8-7",0,28,0,140,0,832,0,5332,0,35448,0,240428,
Boson,000368,p=1,v=8," oBC  ADE  ADF  BCH  BGH  CGG  EFF  oDE  _        2 _     _ 2       _ ","","1^-2-4~3-1 2-6~5-4 3-7=8-6",0,28,0,140,0,832,0,5396,0,36568,0,253196,
Boson,000369,p=1,v=8," ooC  oDF  AEG  BEG  CDF  BEH  oCD  ooF 2__        _ _      3  _ ","","1^^-2-3~5-4-2 4-7-6^~5 7~8",0,28,0,140,0,778,0,4588,0,28098,0,176294,
Boson,000370,p=1,v=8," oBC  ADE  ADF  BCH  BGH  CGG  EFF  oDE  _        2 _     _ 2 __    _ ","","1^-2-4~3-1 2-6~5-4 3-7~~8-6",0,28,0,140,0,784,0,4628,0,28168,0,174860,
Boson,000371,p=1,v=8," oDE  CDH  BFH  ABE  ADG  CGG  EFF  oBC 3_   5    ","","1^-2-3-1 2-4-5-7~4 3-6=8-7",0,28,0,140,0,784,0,4692,0,29288,0,187628,
Boson,000372,p=1,v=8," oBB 2OAD  DEG  BBC  CFF  EEG  oCF 2_    _ _        _       2  _ ","","1^-2~3-1 2~4-3 4-5-6~8=7-5",0,28,0,140,0,748,0,4116,0,22988,0,129380,
Boson,000373,p=1,v=8," ooC  oCD  ABE  BEG  CDF  EGH  oDF  ooF 2__    _          _  _   2    ","","1^^-2~3^-5-4-2 4~7-6-5 7-8",0,28,0,140,0,826,0,5292,0,35378,0,241766,
Boson,000374,p=1,v=8," oBH  ACD  BEF  BEG  CDH  CGG  DFF  oAE  _           _   _    __  ___   __    _ ","","1^-2~4-5-3-6~4 1-3 5~7~~8-6",0,28,0,144,0,844,0,5192,0,32748,0,210000,
Boson,000375,p=1,v=8," oBH  ACD  BEF  BEG  CDH  CGG  DFF  oAE  _           _   _    __  _           _ ","","1^-2~4-5-3-6~4 1-3 5~7=8-6",0,28,0,144,0,844,0,5320,0,34988,0,235728,
Boson,000376,p=1,v=8," oCE  oCG  ABD  CGH  AFF  EEH  oBD  oDF 2_          _       3  _ ","","1^-2~5-3-4^-7=8~6-5 1-3",0,28,0,144,0,844,0,5288,0,34428,0,229296,
Boson,000377,p=1,v=8," oBC  oAG  ADE  CFH  CFF  DEE  oBH  oDG 2_           _ 2 __        _  ","","1^-2-4~6-5-3^-1 5-7~~8-6",0,28,0,144,0,796,0,4584,0,27068,0,162480,
Boson,000378,p=1,v=8," oCE  oDG  ADG  BCH  AFF  EEH  oBC  oDF 2_      _ 3       _      ","","1-2^-5-3-4^-7=8-6-5 1~3",0,28,0,144,0,868,0,5672,0,38668,0,269424,
Boson,000379,p=1,v=8," oBC  oAG  ADE  CFH  CFF  DEE  oBH  oDG 2_           _ 2 __    _   __ ","","1^-2~4~6-5-3^-1 5-7~~8-6",0,28,0,144,0,820,0,4840,0,29068,0,176496,
Boson,000380,p=1,v=8," oCE  oDG  ADG  BCH  AFF  EEH  oBC  oDF 2_      _ 2    3  _ ","","1-2^-5-3-4^-7=8~6-5 1~3",0,28,0,144,0,820,0,4968,0,31308,0,202224,
Boson,000381,p=1,v=8," oCE  oCG  ABD  CGH  AFF  EEH  oBD  oDF 2_          _  2       _      ","","1^-2~5-3-4^-7=8-6-5 1-3",0,28,0,144,0,892,0,5992,0,41788,0,296880,
Boson,000382,p=1,v=8,"2OBC  AAE 2OAD  CCF  BFF  DEE        _    __  _    _ _   _   _        ","","1=2~4~7-5~6~3-1 4-8-6 3-5 7-8",0,28,0,148,0,964,0,6852,0,50468,0,377284,
Boson,000383,p=1,v=8," BBC  AAG  ADE  CFH  CFF  DEE  BHH  DGG 2 _          _ 2 __       _   ","","1~~2-4-3-1 3-5-~7-8=6~4",0,28,0,148,0,844,0,4996,0,30188,0,184804,
Boson,000384,p=1,v=8," ooE  oDD  DDE 2BCF  ACG  oDD  ooE  __   _     _         _  3    ","","1^^-2-3 2-4~5-6^-8-4 5-7-8",0,28,0,148,0,844,0,5028,0,30748,0,191284,
Boson,000385,p=1,v=8," oBF  ACD  BDE  BCE  CDH  AGG  FFH  oEG  _          _  2 __ 2      _  ","","1^-2=4-5~8~6-3-1 6~7-3 7-8",0,28,0,148,0,916,0,6052,0,41348,0,288052,
Boson,000386,p=1,v=8,"2OBC  AAE 2OAD  CCF  BFF  DEE        _    __  _    _ _   _   _        ","","1=2~4~7-5~6-3-1 4-8-6 3~5 7-8",0,28,0,148,0,868,0,5316,0,33348,0,212548,
Boson,000387,p=1,v=8," oCE  oCF  ADF  BDE 2OOC  oAC  oBC 2_           _ 2       _      ","","1-2^-6-5-4^-3-7=8-6 1~3",0,28,0,148,0,868,0,5444,0,35588,0,238468,
Boson,000388,p=1,v=8," ooF  CDE  BDG  BCG  BFG  AEH  CDE  ooF  __         _  4 __    _ ","","1^^-2~3 2~4~5~7-6-4 5-8-6 7~8",0,28,0,148,0,868,0,5348,0,33908,0,219028,
Boson,000389,p=1,v=8," oEF  CDH  BDE  BCE  ACD  AGG  FFH  oBG 3_   5    ","","1^-2=4-5-8~6-3-1 6-7-3 7-8",0,28,0,148,0,868,0,5412,0,35028,0,231988,
Boson,000390,p=1,v=8,"2OBC 2OAC 2ABD 2OOC         _  _    _ _   _   _   2    ","","1=2-4~7~5-3-1 4-8-5 3~6-7 6-8",0,28,0,148,0,940,0,6532,0,47308,0,348772,
Boson,000391,p=1,v=8," oCG  oCH  ABE  FGH  CFF  DEE  oAD  oBD 2_           _ 2 __         _ ","","1^-2~6-5-4^-3-7~~8-6 1-3",0,28,0,148,0,892,0,5764,0,38748,0,266404,
Boson,000392,p=1,v=8," oCD  oCE  ABG  AGH  BFF  EEH  oCD  oDF 2_          _  2       _      ","","1^-2-3~5-1 2-4^-7=8-6-5",0,28,0,148,0,892,0,5668,0,37068,0,246964,
Boson,000393,p=1,v=8," oCD  oCE  ABG  AGH  BFF  EEH  oCD  oDF 2_          _       3  _ ","","1^-2-3~5-1 2-4^-7=8~6-5",0,28,0,148,0,892,0,5796,0,39308,0,272884,
Boson,000394,p=1,v=8," oCD  oCG  ABH  AEG  DFF  EEH  oBD  oCF 2_           _ 2       _      ","","1^-2~6-4^-3-5-7=8-6 1-3",0,28,0,152,0,964,0,6536,0,45868,0,328184,
Boson,000395,p=1,v=8," oBH  ACE  BDF  CEG  BDH  CGG  DFF  oAE  _           _   _    __  ___   __    _ ","","1^-2~4-3-1 3-5-6~4 5~7~~8-6",0,28,0,152,0,964,0,6584,0,46708,0,337976,
Boson,000396,p=1,v=8," oDF  oEH  ooD  ACE  BDG  AGG  EFF  ooB 2_     _  5    ","","1-2^-3-4-5^ 3-7=8-6^-4",0,28,0,152,0,904,0,5576,0,35068,0,223424,
Boson,000397,p=1,v=8," oDF  oDH  ooE  ABE  CDG  AGG  EFF  ooB 2_     _  5    ","","1-2^-3-4^-7=8-5-6^ 3-5",0,28,0,152,0,910,0,5616,0,35168,0,222422,
Boson,000398,p=1,v=8," oBF  oAG  oDH  CEE  DDF  oAE  oBH  oCG 3_   3    2  _ ","","1-2^-4^-6-8=7-5^-3~1",0,28,0,152,0,916,0,5688,0,35828,0,227960,
Boson,000399,p=1,v=8," oBF  oAG  oDH  CEE  DDF  oAE  oBH  oCG 3_   5    ","","1-2^-4^-6-8=7-5^-3-1",0,28,0,152,0,916,0,5752,0,36948,0,241016,
Boson,000400,p=1,v=8," oBC  oAE  ADG  CEG  BDF  EHH  oCD  oFF 2_          __   _          _      ","","1^-2^-5~6-3-4~6 1-3 5-7=8",0,28,0,152,0,1000,0,7160,0,53188,0,401408,
Boson,000401,p=1,v=8," oBD  oAF  oFG  AEE  DDH  oBC  oCH  oEG 3_   3    2  _ ","","1-2^-4~6-8=7-5^-3^-1",0,28,0,152,0,940,0,6232,0,42948,0,302456,
Boson,000402,p=1,v=8," oBD  oAF  oFG  AEE  DDH  oBC  oCH  oEG 3_   5    ","","1-2^-4-6-8=7-5^-3^-1",0,28,0,152,0,940,0,6296,0,44068,0,315512,
Boson,000403,p=1,v=8," oBE  oAF  oEF  oEG  ACD  BCH  ooD  ooF 4_   4    ","","1-2^-3-4^-6^-7-5^-3 7-8",0,28,0,152,0,892,0,5384,0,32908,0,202616,
Boson,000404,p=1,v=8," oBH  ACE  BDF  CEG  BDH  CGG  DFF  oAE  _           _ 2     _   2    ","","1^-2-4-3-1 3-5-6-4 5~7=8-6",0,28,0,152,0,892,0,5400,0,33188,0,205880,
Boson,000405,p=1,v=8," oBC  oAG  ADE  CEF  CDG  DHH  oBE  oFF 2_          _    __         _      ","","1^-2^-4-5~3-1 4-6~5 6-7=8",0,28,0,156,0,1024,0,7204,0,52448,0,388836,
Boson,000406,p=1,v=8," oBC  oAE  oAF  oEG  BDF  CEH  ooD  ooF 4_   4    ","","1-2^-3-4^-5^-6^-7-3 7-8",0,28,0,156,0,940,0,5844,0,36908,0,235524,
Boson,000407,p=1,v=8," oCE  oDG  ADG  BCH  AFF  EEH  oBC  oDF 2_   6    ","","1-2^-5-3-4^-7=8-6-5 1-3",0,28,0,160,0,1036,0,7112,0,50428,0,364576,
Boson,000408,p=1,v=8," oCD  oEG  ADE  ACG  BCF  EHH  oBD  oFF 2_   2 _  4    ","","1-2^-5-6~3-4^-6 1-3 5-7=8",0,28,0,160,0,1048,0,7384,0,54028,0,403096,
Boson,000409,p=1,v=8," oCE  oDG  ADG  BCH  AFF  EEH  oBC  oDF 2_   3       _         _ ","","1-2^-5-3-4^-7=8~6-5 1-3",0,28,0,160,0,988,0,6280,0,40508,0,263968,
Boson,000410,p=1,v=8,"2oCE  ooD  AAD  BCF 2OOA  ooD 2_     _  5    ","","1^-2-3 2-4-5^-7=8-6^-4",0,28,0,160,0,994,0,6336,0,40908,0,266566,
Boson,000411,p=1,v=8," oCE  oCG  ABD  CGH  AFF  EEH  oBD  oDF 2_   6    ","","1^-2-5-3-4^-7=8-6-5 1-3",0,28,0,160,0,1060,0,7432,0,53708,0,395296,
Boson,000412,p=1,v=8," oCG  oGH  ADE  CFH  CFF  DEE  oAB  oBD 2_           _ 3       _ ","","1-2^-4~6-5-3^-1 5-7=8-6",0,28,0,160,0,1060,0,7560,0,55948,0,421792,
Boson,000413,p=1,v=8," oCE  oCG  ABD  CGH  AFF  EEH  oBD  oDF 2_   3       _         _ ","","1^-2-5-3-4^-7=8~6-5 1-3",0,28,0,160,0,1012,0,6600,0,43788,0,294304,
Boson,000414,p=1,v=8," oBC  oAD  AEG  BGH  CFF  EEH  oCD  oDF 2_          _  2       _      ","","1^-2^-6-4~3-5-7=8-6 1-3",0,28,0,160,0,1012,0,6568,0,43228,0,287680,
Boson,000415,p=1,v=8," oCD  oCG  ABD  ACE  DFG  EHH  oBE  oFF 2_      _   _  4    ","","1^-2-5-6~3-4^-6 1-3 5-7=8",0,28,0,160,0,1084,0,7944,0,60348,0,465952,
Boson,000416,p=1,v=8," ooB  oAD  oDF  BCG  FGH  oCE  oDE  ooE  __  2_   5    ","","1^^-2^-3-4^-6-7-5-3 7-8",0,28,0,160,0,1084,0,7912,0,59788,0,459328,
Boson,000417,p=1,v=8,"2OOB 2OAC 2BDD 2OCC 2 _  6    ","","1-~2-4-3-1 3-5=7-8=6-4",0,28,0,164,0,1156,0,8836,0,69828,0,559172,
Boson,000418,p=1,v=8,"2OOB 2ACC 4OOB 2 _          _ 3       _ ","","1-~2-4-7=5~3-1 4-8=6-3",0,28,0,164,0,1036,0,6596,0,42028,0,267812,
Boson,000419,p=1,v=8," ooE  CCD  BBF  BEG  ADH  CGG  DFF  ooE  __  2 _  5    ","","1^^-2-3 2-4-5-~7-8=6-4",0,28,0,164,0,1036,0,6724,0,44268,0,294500,
Boson,000420,p=1,v=8," oBD  ACC  BBH  AEE  DDF  EGG  FFH  oCG  _      _   _  5    ","","1^-2-~4-5-7=8-6=3-1",0,28,0,164,0,1108,0,7940,0,58708,0,442052,
Boson,000421,p=1,v=8," BCD  ACF  ABF  AEG  DFH  BCE  DHH  EGG        _    __        _    __ 2    ","","1=2-4-3-1 3~5~7-6-4 5-8-6 7~8",0,28,0,164,0,1108,0,8004,0,59828,0,455396,
Boson,000422,p=1,v=8," oEE 2OOC  BBD  CEF  AAD  DGG  oFF  _   2 _  5    ","","1^=2-3-4=5 3-6-7-~8-6",0,28,0,164,0,1108,0,8068,0,60948,0,468740,
Boson,000423,p=1,v=8,"2OOB 2OAC 2BDD 2OCC 2 _          _       _   2    ","","1-~2-4-3-1 3~5=7-8=6-4",0,28,0,164,0,1060,0,7044,0,47588,0,325700,
Boson,000424,p=1,v=8," BCF 2ADD 2BCE  DDG  AGG  EFF      2  _   _   _ _   _  2 __ ","","1~~2-4-7-5~3-1 4-8~5 3-6~7 6-8",0,28,0,164,0,1060,0,7172,0,49828,0,352388,
Boson,000425,p=1,v=8," BBC  AAD  AEE  BFF 2OOC 2OOD 2 _          _ 3__   ___ ","","1~~2-3~1 3-4-~5-6-7~~8-6",0,28,0,164,0,1132,0,8388,0,64268,0,500516,
Boson,000426,p=1,v=8," BCG  ACD  ABE  BEF  CDF  DEH  AHH  FGG      3 _  2 __       _   ","","1=2-4-7-5~6-3~1 4-8-6 3~5 7~8",0,28,0,164,0,1084,0,7492,0,53148,0,383780,
Boson,000427,p=1,v=8," oBB 2ACE 2OBD 2OOC  oBB  _        6  _ ","","1^-2~3-4-1 2-5-6-4 5~7=8~6",0,28,0,164,0,1084,0,7620,0,55388,0,410468,
Boson,000428,p=1,v=8,"2oBB 2AAD 2OOD 2oBC 2_   3       _         _ ","","1^-2-3^-5-1 2-4~7=8-6-5",0,28,0,164,0,1084,0,7460,0,52588,0,377108,
Boson,000429,p=1,v=8,"2oBC 2OAD 2OOA 2oOB 2_           _ 2__    _    __ ","","1~2-5-3-4^-7~~8-6^-5 1~3",0,28,0,168,0,1108,0,7496,0,51548,0,359208,
Boson,000430,p=1,v=8," oBH  ACE  BDF  CEG  BDH  CGG  DFF  oAE  _           _ 2 _   ___   __      ","","1^-2-4-3-1 3-5-6~4 5~7~~8-6",0,28,0,168,0,1108,0,7512,0,51828,0,362568,
Boson,000431,p=1,v=8," oBH  ACE  BDF  CEG  BDH  CGG  DFF  oAE  _   3       _ 2       _ ","","1^-2~4-3-1 3-5-6-4 5-7=8-6",0,28,0,168,0,1180,0,8952,0,70308,0,560712,
Boson,000432,p=1,v=8," oBC  oAD  oAF  BEE  DDG  oCH  oEH  oFG 3_   3    2  _ ","","1^-2-4~6-8=7-5^-3^-1",0,28,0,168,0,1132,0,7992,0,57988,0,428424,
Boson,000433,p=1,v=8," oBC  oAD  oAF  BEE  DDG  oCH  oEH  oFG 3_   5    ","","1^-2-4-6-8=7-5^-3^-1",0,28,0,168,0,1132,0,8056,0,59108,0,441864,
Boson,000434,p=1,v=8," oBC  ACD  ABF  BEH  DGH  CGG  EFF  oDE  _   2 _         _        _        ","","1^-2~3-1 2-4-5-7-4 3-6=8~7",0,28,0,172,0,1216,0,9108,0,70328,0,552460,
Boson,000435,p=1,v=8," ooC  oDF  AEG  BEG  CDF  BEH  oCD  ooF 2__        _      _   _  2    ","","1^^-2-3-5-4-2 4~7-6^~5 7-8",0,28,0,172,0,1162,0,8108,0,57778,0,418342,
Boson,000436,p=1,v=8," oBC  ACD  ABF  BEH  DGH  CGG  EFF  oDE  _   2 _  5    ","","1^-2~3-1 2-4-5-7-4 3-6=8-7",0,28,0,172,0,1168,0,8212,0,59048,0,431692,
Boson,000437,p=1,v=8," oBC  ADF  ADE  BCH  CGH  BGG  EFF  oDE  _           _       _ _ 2       _ ","","1^-2-4-3-1 2~6~5-4 3-7=8-6",0,28,0,172,0,1120,0,7380,0,48888,0,325228,
Boson,000438,p=1,v=8," oBC  ADF  ADE  BCH  CGH  BGG  EFF  oDE  _   7    ","","1^-2-4-3-1 2-6-5-4 3-7=8-6",0,28,0,172,0,1264,0,9940,0,80488,0,660460,
Boson,000439,p=1,v=8," ooC  oCD  ABE  BEG  CDF  EGH  oDF  ooF 2__  4 _     _      ","","1^^-2~3^-5~4-2 4-7~6-5 7-8",0,28,0,172,0,1210,0,9068,0,70178,0,552550,
Boson,000440,p=1,v=8," oBC  oAG  ADE  CFH  CFF  DEE  oBH  oDG 2_   4    2  _ ","","1^-2~4-6-5-3^-1 5-7=8-6",0,28,0,176,0,1228,0,8936,0,66748,0,507536,
Boson,000441,p=1,v=8," oBC  oAG  ADE  CFH  CFF  DEE  oBH  oDG 2_   6    ","","1^-2-4-6-5-3^-1 5-7=8-6",0,28,0,176,0,1252,0,9320,0,71308,0,555344,
Boson,000442,p=1,v=8," ooC  oEE  ADG  CEE 2BDF  oEE  ooC  __   _   6    ","","1^^-2-3 2-4-5-6^-8-4 5-7-8",0,28,0,180,0,1228,0,8548,0,60348,0,431124,
Boson,000443,p=1,v=8," BBC  AAE  ADG  CFH  BFF  DEE  CHH  DGG 2 _  6    ","","1=2-4-3-1 3-5-~7-8=6-4",0,28,0,180,0,1276,0,9412,0,71228,0,548676,
Boson,000444,p=1,v=8," oBH  ACE  BDF  CEG  BDH  CGG  DFF  oAE  _           _   _    __  _           _ ","","1^-2~4-3-1 3-5-6~4 5~7=8-6",0,28,0,120,0,580,0,3000,0,16148,0,89112,
Boson,000445,p=1,v=8," oBH  ACE  BDF  CEG  BDH  CGG  DFF  oAE  _   7    ","","1^-2-4-3-1 3-5-6-4 5-7=8-6",0,28,0,184,0,1372,0,10776,0,87108,0,715864,
Boson,000446,p=1,v=8," oBE  ADF 2ODG  BCC  AFF  BEE  oCC  _   2       _      2 __    _ ","","1~2-3-1 2-4-3 4-5-6^-8~~7-5",0,28,0,124,0,604,0,3092,0,16348,0,88420,
Boson,000447,p=1,v=8," ooB  oAD  ooE  BFG  CFF  DEE  oDH  ooG  __   _     _  5    ","","1^^-2^-3-4-5 3-6=7-8^",0,30,0,194,0,1368,0,9986,0,74430,0,563336,
Boson,000448,p=1,v=8," ooC  ooD  AEH  BEF  CDG  DGG  EFF  ooC  __    _  6    ","","1^^-2-3 2-4-5-6^ 4-7=8-5",0,30,0,194,0,1374,0,9986,0,73790,0,552578,
Boson,000449,p=1,v=8," oDE  oDG  oGH  ABF  AFF  DEE  oBC  ooC 3_        2 __ 2    ","","1-2^-3-4^-5-6^-8~~7-5",0,30,0,142,0,738,0,3990,0,21990,0,122470,
Boson,000450,p=1,v=8," oDE  oCG  oBH  AFG  AFF  DEE  oBD  ooC 3_        2 __ 2    ","","1-2^-3^-4-5-6^-8~~7-5",0,30,0,150,0,786,0,4214,0,22950,0,126366,
Boson,000451,p=1,v=8," ooD  ooF  oEH  AEG  oCD  oBG  oDF  ooC 3__         _  3    ","","1^^-2-3-4-5^^ 4-6~7^-8",0,30,0,158,0,900,0,5318,0,32100,0,196388,
Boson,000452,p=1,v=8," ooD  ooE  oFH  AEG  oBD  oCG  oDF  ooC 3__  2      _  2    ","","1-2^~3-4-5-6^^ 5-7-8^^",0,30,0,158,0,906,0,5430,0,33470,0,210230,
Boson,000453,p=1,v=8,"2oOC  oEE  AAF  EFG  BBD  oCD  ooD 3_   5    ","","1-2-3-6-7^-8^-6 2-4=5^",0,30,0,162,0,1026,0,7058,0,50730,0,372978,
Boson,000454,p=1,v=8,"2ooC  ABD  CEF  DGH  DGG  EFF  ooE  __    _          _       _   2    ","","1^^-2-3^ 2-4-5-6 4~7=8-5",0,30,0,162,0,966,0,6018,0,38430,0,249378,
Boson,000455,p=1,v=8," ooG  oDH  ooE  BFG  CFF  DEE  oAD  ooB 2__    _   _   4    ","","1^^-2-3~4^-5 3-6=7-8^",0,30,0,162,0,936,0,5634,0,34830,0,219240,
Boson,000456,p=1,v=8," ooE  ooC  BDF  CEG  ADH  CGG  DFF  ooE  __    _          _ 2     _        ","","1^^-2-3 2-4-5-6^ 4~7=8-5",0,30,0,162,0,942,0,5698,0,35310,0,222306,
Boson,000457,p=1,v=8," oBD  oAE  oGH  AFG  BFF  DEE  oCD  ooC 3_   5    ","","1-2^-3-4-5^-6^-8=7-4",0,30,0,166,0,984,0,6054,0,38060,0,242572,
Boson,000458,p=1,v=8," oBD  oAG  oDH  ACE  DFF  EEG  oBF  ooC 3_   2    2  _      ","","1-2^-3-4^-5^-6~8=7-3",0,30,0,166,0,1002,0,6294,0,40430,0,263470,
Boson,000459,p=1,v=8," oBD  oAH  oEG  AFG  CFF  DEE  oCD  ooB 3_   5    ","","1-2^-3^-4-5-6^-8=7-4",0,30,0,166,0,1008,0,6374,0,41220,0,270460,
Boson,000460,p=1,v=8," ooD  oDH  ooE  ABG  CFF  EEG  oDF  ooB 2__  2 _  4    ","","1-2^~3-4^^ 3-5-6=7-8^",0,30,0,170,0,1044,0,6674,0,43650,0,289736,
Boson,000461,p=1,v=8," oBD  oAG  oDE  ACH  CFF  EEG  oBF  ooD 3_   5    ","","1-2-3^-5^-6-8=7-4^-2",0,30,0,174,0,1110,0,7254,0,47850,0,317454,
Boson,000462,p=1,v=8," oDF  oEE  ooD  ACG  BBG  AHH  oDE  oFF 2_     _  5    ","","1^-2-3-5=6^ 4^-7=8 2-4",0,30,0,178,0,1152,0,7714,0,52590,0,362920,
Boson,000463,p=1,v=8," ooC  CEE  ABD  CFF 2OOB 2OOD   _          _  _   2__  2    ","","1^-2-3-5~~6-3 4-7=8-4~2",0,30,0,178,0,1230,0,9218,0,71950,0,572578,
Boson,000464,p=1,v=8," oDE  oEE  ooD  ACG  ABB  GHH  oDF  oFF 2_     _  5    ","","1^-2-3^-5=6^ 4-7=8 2-4",0,30,0,178,0,1248,0,9506,0,75310,0,607336,
Boson,000465,p=1,v=8," ooB  ACC 2BDE 4OOC   _          _   _          _  __   ___ ","","1^-2-3-5~~7~4-8=6~3 2-4",0,30,0,178,0,1134,0,7426,0,49230,0,328738,
Boson,000466,p=1,v=8," ooC  ooE  oAD  CFH  oBG  oDG  oEF  ooD 2__   _   5    ","","1^^-2-3-4-5-6 5-7^-8^^",0,30,0,182,0,1218,0,8502,0,60790,0,441854,
Boson,000467,p=1,v=8," oBC  oAD  oAE  BGH  CFF  EEG  oDF  ooD 3_   5    ","","1-2-3^-5^-6^-8=7-4-2",0,30,0,182,0,1230,0,8630,0,61850,0,450086,
Boson,000468,p=1,v=8," ooB  oAD  ooE  BGH  CFF  EEG  oDF  ooD  __   _     _  5    ","","1^^-2^-3-4 3-5-6=7-8^",0,30,0,186,0,1260,0,8850,0,63450,0,461592,
Boson,000469,p=1,v=8," ooC  oCE  ABD  CGH  BFF  EEG  oDF  ooD 2__    _  5    ","","1^^-2~3^-7=8-6-4-5 2-4",0,32,0,192,0,1280,0,8888,0,63072,0,454080,
Boson,000470,p=1,v=8," ooC  ooF  oAD  CEG  DFH  oBE  ooD  ooE 2__   _   5    ","","1^^-2^-3-4 3-5-6 5-7-8^^",0,32,0,192,0,1280,0,8952,0,64352,0,470976,
Boson,000471,p=1,v=8," ooB  oAC  BDE  CFG  CFF  DEE  oDH  ooG  __   _           _ 3 __    _ ","","1^^-2^-3-4~5~6 4-8~~7-3",0,32,0,192,0,1280,0,9016,0,65632,0,487872,
Boson,000472,p=1,v=8," oBD  ACG  BEE  AEE  CDD  CFF  EEG  oBF  _   5    2  _ ","","1^-2-3~6=8-5-7=4-1 2-5",0,32,0,192,0,1226,0,8064,0,53792,0,361446,
Boson,000473,p=1,v=8," oBD  ACE  BFH  AFF  BGG  CDD  EEH  oCG  _   5    2  _ ","","1^-2=4-5-3-7=8~6-5 1-3",0,32,0,192,0,1232,0,8120,0,54112,0,362304,
Boson,000474,p=1,v=8," oBD  ACH  BEF  AEE  CDD  CGG  FFH  oBG  _           _ 2 __  _   2  _ ","","1^-2-3~6=8~5-7~~4-1 2-5",0,32,0,192,0,1322,0,9600,0,71712,0,545574,
Boson,000475,p=1,v=8," oBD  ACF  BEH  AEE  CDD  BGG  FFH  oCG  _           _ 2 __         _   __ ","","1^-2~~4-5-3-7=8~6~5 1-3",0,32,0,192,0,1328,0,9656,0,72032,0,546624,
Boson,000476,p=1,v=8," oCD  oEF  ooA  AEE  BDD  BGG  FFH  ooG 2_     _  5    ","","1^-2^-3=4-5^-6=7-8",0,32,0,196,0,1352,0,9828,0,73592,0,561652,
Boson,000477,p=1,v=8," oBE  oAF  oDD  CCG  AHH  oBG  oDF  oEE 3_   5    ","","1-2^-4^-7=8 1-3-5=6^",0,32,0,196,0,1292,0,8756,0,60052,0,414436,
Boson,000478,p=1,v=8," oBD  oAF  oDD  ACC  GHH  oBG  oEF  oEE 3_   5    ","","1^-2-4-7=8 1-3^-5=6^",0,32,0,196,0,1388,0,10676,0,85812,0,704932,
Boson,000479,p=1,v=8," oBC  oAD  oAE  oBG  CFF  EEH  ooD  ooF 4_   4    ","","1-2^-3^-4^-5^-6=7-8",0,32,0,196,0,1340,0,9652,0,71652,0,542308,
Boson,000480,p=1,v=8," oBC  oAG  ADD  CCE  DFF  EEH  oBH  oFG 2_   6    ","","1^-2-4-6=8-7=5-3^-1",0,32,0,196,0,1340,0,9780,0,74212,0,576292,
Boson,000481,p=1,v=8,"2BBC 2AAD 2OOA 2OOB      3  _      3  _ ","","1=2~4-5-3-6-4 1~3 5~7=8-6",0,32,0,200,0,1376,0,9864,0,72352,0,538952,
Boson,000482,p=1,v=8," oBD  oAE  ooF  AFF  BGG  CDD  EEH  ooG 2_     _  5    ","","1^-2=3-4^-5^-6=7-8",0,32,0,200,0,1376,0,9928,0,73632,0,556040,
Boson,000483,p=1,v=8,"2OBC 2OAD 2OOA 2OOB      3  _      3  _ ","","1=2~4-3~1 3-5-6-4 5~7=8-6",0,32,0,200,0,1376,0,9992,0,74912,0,573128,
Boson,000484,p=1,v=8," ooB  ACE  BDF  CEG  BDH  CGG  DFF  ooE  __          _   _    __  ___   __    _ ","","1^^-2-3~4 2-5-6~3 5~7~~8-6",0,32,0,200,0,1376,0,9704,0,69152,0,496232,
Boson,000485,p=1,v=8," oBD  ACE  BFH  AGG  BFF  CEE  DDH  oCG  _   5    2  _ ","","1^-2=4~5-6-3-1 3-7=8-6",0,32,0,208,0,1472,0,10712,0,79072,0,589648,
Boson,000486,p=1,v=8," oBD  ACE  BFH  AGG  BFF  CEE  DDH  oCG  _   7    ","","1^-2=4-5-6-3-1 3-7=8-6",0,32,0,208,0,1520,0,11608,0,90912,0,724432,
Boson,000487,p=1,v=8," ooC  ooE  oAD  CEF  BDG  oDH  ooE  ooF 2__   _   5    ","","1^^-2^-3-4-5 3-6-7^^ 6-8",0,32,0,208,0,1466,0,10656,0,78712,0,587974,
Boson,000488,p=1,v=8,"4OOB 4OOA         _ 2 _  3       _ ","","1=2-4-3~1 3-5~6-4 5-7=8-6",0,32,0,152,0,800,0,4424,0,24992,0,142424,
Boson,000489,p=1,v=8," ooB  ACE  BDF  CEG  BDH  CGG  DFF  ooE  __  7    ","","1^^-2-3-4 2-5-6-3 5-7=8-6",0,32,0,216,0,1616,0,12648,0,101632,0,831288,
Boson,000490,p=1,v=8,"4OOB 4OOA         _ 2 _  2     __   ___ ","","1~~2~4-3-1 3~5-6-4 5-7=8-6",0,32,0,216,0,1568,0,11464,0,83872,0,613656,
Boson,000491,p=1,v=8," oBD  ACE  BFH  AEE  BDD  CGG  FFH  oCG  _           _ 2 __ 2      _  ","","1^-2~~4-3-1 3-5~6-8=7-5",0,32,0,160,0,848,0,4600,0,25312,0,140704,
Boson,000492,p=1,v=8," oBD  ACE  BFH  AEE  BDD  CGG  FFH  oCG  _   7    ","","1^-2=4-3-1 3-5-6-8=7-5",0,32,0,224,0,1712,0,13432,0,107232,0,868064,
Boson,000493,p=1,v=8,"4OOB 4OOA 2    2  _ 2    2  _ ","","1=2-4-3~1 3-5-6-4 5~7=8-6",0,32,0,168,0,896,0,4808,0,25952,0,140904,
Boson,000494,p=1,v=8," ooB  ACE  BDF  CEG  BDH  CGG  DFF  ooE  __          _   _    __  _           _ ","","1^^-2-3~4 2-5-6~3 5~7=8-6",0,32,0,168,0,992,0,6184,0,39712,0,259848,
Boson,000495,p=1,v=8,"4OOB 4OOA 8    ","","1=2-4-3-1 3-5-6-4 5-7=8-6",0,32,0,232,0,1856,0,15432,0,131552,0,1141288,
Boson,000496,p=1,v=8," oBD  ACE  BFH  AGG  BFF  CEE  DDH  oCG  _           _      2 __    _   __ ","","1^-2=4~5~6-3-1 3-7~~8-6",0,32,0,176,0,1088,0,7064,0,47072,0,318896,
Boson,000497,p=1,v=8," ooE  ooF  oDG  CEF  ADH  oBD  ooC  ooE 4__    _  3    ","","1^^-2-3~4^-5 3~6-7^^ 6-8",0,32,0,176,0,1034,0,6304,0,39432,0,251174,
Boson,000498,p=1,v=8," oBD  ACE  BFH  AGG  BFF  CEE  DDH  oCG  _           _      2 __        _  ","","1^-2=4-5~6-3-1 3-7~~8-6",0,32,0,176,0,1040,0,6424,0,40992,0,267824,
Boson,000499,p=1,v=8," oBH  ACD  BEH  BFF  CGG  DDG  EEF  oAC  _           _ 4       _ ","","1^-2~4-3-1 3-5=7-8=6-4",0,32,0,180,0,1220,0,9044,0,69932,0,551700,
Boson,000500,p=1,v=8," oCG  oEE  ADF  CEG  BBD  CHH  oAD  oFF 2_           _ 2       _      ","","1-2^-4-3~1 3-5=6^ 4-7=8",0,32,0,180,0,1172,0,8148,0,58652,0,431124,
Boson,000501,p=1,v=8," oCG  oEE  ADE  CFG  BBC  DHH  oAD  oFF 2_           _ 2       _      ","","1^-2~4-3-1 3-5=6^ 4-7=8",0,32,0,180,0,1172,0,8276,0,61212,0,464340,
Boson,000502,p=1,v=8," oBH  ACD  BEH  BFF  CGG  DDG  EEF  oAC  _           _ 2    3  _ ","","1^-2~4-3-1 3-5=7~8=6-4",0,32,0,180,0,1124,0,7380,0,49932,0,344532,
Boson,000503,p=1,v=8,"2oBD 2ACC 2BBD 2oAC 2_   3       _         _ ","","1-2^-4=8-7-6^-5=3~1",0,32,0,184,0,1184,0,7816,0,51872,0,344632,
Boson,000504,p=1,v=8,"2OBC 2OAD 2ADD 2BCC         _ 2_     __  _          __ ","","1~~2-4-5-3~6-4 1-3 5~7=8-6",0,32,0,184,0,1184,0,7944,0,54432,0,378040,
Boson,000505,p=1,v=8," ooB  oAF  oGH  EEF  DDG  oBD  oCE  ooC  __  2_   5    ","","1^^-2^-3-4=5-6-7^-8",0,32,0,184,0,1184,0,8008,0,55712,0,394744,
Boson,000506,p=1,v=8,"2OBC 2OAD 2OOA 2OOB         _ 2_           _ 2__  ","","1~~2-4~3-1 3-5-6-4 5~7=8-6",0,32,0,184,0,1184,0,8072,0,56992,0,411448,
Boson,000507,p=1,v=8," ooB  ACE  BDF  CEG  BDH  CGG  DFF  ooE  __          _         _  _           _ ","","1^^-2-3~4 2-5-6-3 5~7=8-6",0,32,0,184,0,1136,0,7336,0,48832,0,331864,
Boson,000508,p=1,v=8," oBB 2ACE 2BDD 2OCC  oBB  _           _ 4       _ ","","1^-2~3-4-1 2-5=7-8=6-4",0,32,0,184,0,1208,0,8328,0,58832,0,422296,
Boson,000509,p=1,v=8," BCE  ACD  ABD  BCF  AGG  DHH  EEH  FFG        _  2 __       _   2    ","","1=2~4~6~7-4 1-3=5-8-6 7-8",0,32,0,184,0,1208,0,8456,0,61392,0,455704,
Boson,000510,p=1,v=8," oBB 2ACE 2BDD 2OCC  oBB  _           _        __        __    _ ","","1^-2~3-4-1 2-5~~7-8=6-4",0,32,0,184,0,1208,0,8584,0,63952,0,489112,
Boson,000511,p=1,v=8," ooC  oCG  ABE  FGH  CFF  DEE  oBD  ooD 2__  2 _  2       _      ","","1^^-2~3^-4~6-7 5=8-6 2-5",0,32,0,188,0,1280,0,9348,0,70912,0,549692,
Boson,000512,p=1,v=8," ooC  oCG  ABE  FGH  CFF  DEE  oBD  ooD 2__    _  5    ","","1^^-2~3^-4-6-7 5=8-6 2-5",0,32,0,188,0,1232,0,8580,0,62032,0,459068,
Boson,000513,p=1,v=8," oBF  ADD  EEF 2BEE 2CDD  oAC  _           _ 4       _ ","","1^-2~4-7=5-3-1 4-8=6-3",0,32,0,188,0,1232,0,8708,0,64592,0,492668,
Boson,000514,p=1,v=8," oBH  ADE  FGH  BFF  BGG  CDD  CEE  oAC  _           _        __        __    _ ","","1^-2~4-7~~5-3-1 4-8=6-3",0,32,0,188,0,1184,0,7684,0,50592,0,335612,
Boson,000515,p=1,v=8," ooC  oDG  AEG  BFH  CFF  DEE  oBC  ooD 2__        _   4    ","","1^^-2-3-4^~6-7 5=8-6 2-5",0,32,0,188,0,1184,0,7812,0,53152,0,369212,
Boson,000516,p=1,v=8," oBF  ADD  EEF 2BEE 2CDD  oAC  _   7    ","","1^-2-4-7=5-3-1 4-8=6-3",0,32,0,188,0,1328,0,10244,0,82352,0,674684,
Boson,000517,p=1,v=8," ooD  oDE  oDG  ABC  BFF  EEH  ooC  ooF 3__    __ 4    ","","1-2^~3-4^^ 3~5^-6=7-8",0,34,0,202,0,1372,0,9874,0,73294,0,554728,
Boson,000518,p=1,v=8," ooB  oAD  oDG  BCE  DFF  EEH  ooC  ooF  __  2_   5    ","","1^^-2^-3-4^-5 3-6=7-8",0,34,0,210,0,1456,0,10690,0,81194,0,630072,
Boson,000519,p=1,v=8," oDD  ooE  DFG  AAC  BFF  CEE  CHH  oGG  _     _  6    ","","1^-2=3-4-5=6^ 4-7=8",0,34,0,214,0,1474,0,10726,0,80834,0,623158,
Boson,000520,p=1,v=8," ooC  ooD  AEH  BFF  CGG  DDG  EEF  ooC  __    _  6    ","","1^^-2-3 2-4=5-6=7-8^",0,34,0,214,0,1450,0,10278,0,74954,0,557014,
Boson,000521,p=1,v=8," ooD  ooC  BEF  AEE  CDD  CGG  FFH  ooG  __    _  6    ","","1^^-2=3-4-5^ 4-6=7-8",0,34,0,214,0,1522,0,11430,0,88514,0,698998,
Boson,000522,p=1,v=8," ooB  oAD  oDE  BCG  CFF  EEH  ooD  ooF  __  2_   5    ","","1^^-2^-3-4 3-5^-6=7-8",0,34,0,218,0,1540,0,11282,0,84214,0,636344,
Boson,000523,p=1,v=8,"2OBC 2OOA 2ADD 2OCC         _ 2__       3_   ","","1~~2-4-3-1 3~5=7~8=6-4",0,36,0,212,0,1428,0,10244,0,75956,0,574628,
Boson,000524,p=1,v=8," oDD  CDE  BFG  AAB  BFF  CEE  CHH  oGG 3_   5    ","","1^=2-3-4=6-5~3 5-7=8",0,36,0,212,0,1380,0,9476,0,67396,0,491108,
Boson,000525,p=1,v=8,"2OBC 2OOA 2ADD 2OCC         _ 2__        _   2    ","","1~~2-4-3-1 3~5=7-8=6-4",0,36,0,212,0,1332,0,8708,0,58836,0,408356,
Boson,000526,p=1,v=8," oBH  ACC  BBD  CEE  DDF  EGG  FFH  oAG  _   5    2  _ ","","1^-2~4=6-8=7-5=3-1",0,36,0,224,0,1572,0,11528,0,86276,0,653792,
Boson,000527,p=1,v=8," oBH  ACC  BBD  CEE  DDF  EGG  FFH  oAG  _   7    ","","1^-2-4=6-8=7-5=3-1",0,36,0,224,0,1572,0,11784,0,92036,0,737504,
Boson,000528,p=1,v=8," oDF  oCC  BBG  AEE  DDG  AHH  oCE  oFF 2_   6    ","","1^=2-3-4=5-6^-7=8",0,36,0,228,0,1548,0,10852,0,77436,0,558324,
Boson,000529,p=1,v=8," CCD  EFF 2OOA  AEE  BDD 2OOB         _ 2__  2     __   ___ ","","1~~2-3~1 3-4=5-6-7~~8-6",0,36,0,228,0,1620,0,12356,0,98676,0,810468,
Boson,000530,p=1,v=8," ooC  oEE  ADH  CEF  BBD  DGG  oFF  ooC  __   _   6    ","","1^^-2-3 2-4-5=6^ 4-7=8",0,36,0,228,0,1572,0,11332,0,84036,0,635172,
Boson,000531,p=1,v=8," oCD  oCC  ABB  AEE  DDG  GHH  oEF  oFF 2_   6    ","","1^=2-3^-4=5-6-7=8",0,36,0,228,0,1644,0,12644,0,100956,0,824820,
Boson,000532,p=1,v=8,"2BCC 6OOA         _ 3       _ 2__  ","","1~~2-4-7=5~3-1 4-8=6-3",0,36,0,228,0,1524,0,10564,0,75156,0,544740,
Boson,000533,p=1,v=8,"2BBB 6OOA 8    ","","1=2-4-7=5-3-1 4-8=6-3",0,36,0,228,0,1716,0,14148,0,122196,0,1079268,
Boson,000534,p=1,v=8," oBC  ADD  AFF  BBE  DGG  CCH  EEH  oFG  _   5    2  _ ","","1^-2=4-5~7=8-6=3-1",0,36,0,228,0,1596,0,11620,0,86316,0,649140,
Boson,000535,p=1,v=8," oBC  ADD  AFF  BBE  DGG  CCH  EEH  oFG  _   7    ","","1^-2=4-5-7=8-6=3-1",0,36,0,228,0,1596,0,11876,0,92076,0,733236,
Boson,000536,p=1,v=8,"2OBD 2ACC 2OBB 2OOA 8    ","","1=2-4-3-1 3-5=7-8=6-4",0,36,0,244,0,1860,0,15172,0,128836,0,1120132,
Boson,000537,p=1,v=8," oDD  CDE  BFG  AAB  BFF  CEE  CHH  oGG  _   7    ","","1^=2-3-4=6-5-3 5-7=8",0,36,0,244,0,1812,0,14148,0,113876,0,934852,
Boson,000538,p=1,v=8,"2OBD 2ACC 2OBB 2OOA         _        __        __  __   ___ ","","1~~2-4-3~1 3-5~~7-8=6-4",0,36,0,244,0,1764,0,13124,0,98916,0,750340,
Boson,000539,p=1,v=8,"8OOO 2    6  _ ","","1=2~4=6-8=7~5=3~1",0,40,0,264,0,1960,0,15112,0,117800,0,921096,
Boson,000540,p=1,v=8," oBB  AAC  BDD  CCE  DFF  EEG  FHH  oGG  _   7    ","","1^=2-3=4-5=6-7=8",0,40,0,264,0,1960,0,15368,0,124200,0,1023240,
Boson,000541,p=1,v=8,"8OOO 8    ","","1=2-4=6-8=7-5=3-1",0,40,0,264,0,1960,0,15624,0,130600,0,1125384,
